od,path,edge,delta,origin,destination
1,1,1,1,1,2
1,1,2,1,1,2
1,1,3,0,1,2
1,1,4,0,1,2
1,1,5,0,1,2
1,1,6,0,1,2
1,1,7,0,1,2
1,1,8,0,1,2
1,1,9,0,1,2
1,1,10,0,1,2
1,2,1,0,1,2
1,2,2,0,1,2
1,2,3,0,1,2
1,2,4,0,1,2
1,2,5,0,1,2
1,2,6,0,1,2
1,2,7,0,1,2
1,2,8,0,1,2
1,2,9,0,1,2
1,2,10,0,1,2
1,3,1,0,1,2
1,3,2,0,1,2
1,3,3,0,1,2
1,3,4,0,1,2
1,3,5,0,1,2
1,3,6,0,1,2
1,3,7,0,1,2
1,3,8,0,1,2
1,3,9,0,1,2
1,3,10,0,1,2
1,4,1,0,1,2
1,4,2,0,1,2
1,4,3,0,1,2
1,4,4,0,1,2
1,4,5,0,1,2
1,4,6,0,1,2
1,4,7,0,1,2
1,4,8,0,1,2
1,4,9,0,1,2
1,4,10,0,1,2
1,5,1,0,1,2
1,5,2,0,1,2
1,5,3,0,1,2
1,5,4,0,1,2
1,5,5,0,1,2
1,5,6,0,1,2
1,5,7,0,1,2
1,5,8,0,1,2
1,5,9,0,1,2
1,5,10,0,1,2
1,6,1,0,1,2
1,6,2,0,1,2
1,6,3,0,1,2
1,6,4,0,1,2
1,6,5,0,1,2
1,6,6,0,1,2
1,6,7,0,1,2
1,6,8,0,1,2
1,6,9,0,1,2
1,6,10,0,1,2
1,7,1,0,1,2
1,7,2,0,1,2
1,7,3,0,1,2
1,7,4,0,1,2
1,7,5,0,1,2
1,7,6,0,1,2
1,7,7,0,1,2
1,7,8,0,1,2
1,7,9,0,1,2
1,7,10,0,1,2
1,8,1,0,1,2
1,8,2,0,1,2
1,8,3,0,1,2
1,8,4,0,1,2
1,8,5,0,1,2
1,8,6,0,1,2
1,8,7,0,1,2
1,8,8,0,1,2
1,8,9,0,1,2
1,8,10,0,1,2
1,9,1,0,1,2
1,9,2,0,1,2
1,9,3,0,1,2
1,9,4,0,1,2
1,9,5,0,1,2
1,9,6,0,1,2
1,9,7,0,1,2
1,9,8,0,1,2
1,9,9,0,1,2
1,9,10,0,1,2
1,10,1,0,1,2
1,10,2,0,1,2
1,10,3,0,1,2
1,10,4,0,1,2
1,10,5,0,1,2
1,10,6,0,1,2
1,10,7,0,1,2
1,10,8,0,1,2
1,10,9,0,1,2
1,10,10,0,1,2
2,1,1,1,1,3
2,1,2,0,1,3
2,1,3,0,1,3
2,1,4,0,1,3
2,1,5,0,1,3
2,1,6,0,1,3
2,1,7,0,1,3
2,1,8,0,1,3
2,1,9,0,1,3
2,1,10,0,1,3
2,2,1,0,1,3
2,2,2,0,1,3
2,2,3,0,1,3
2,2,4,0,1,3
2,2,5,0,1,3
2,2,6,0,1,3
2,2,7,0,1,3
2,2,8,0,1,3
2,2,9,0,1,3
2,2,10,0,1,3
2,3,1,0,1,3
2,3,2,0,1,3
2,3,3,0,1,3
2,3,4,0,1,3
2,3,5,0,1,3
2,3,6,0,1,3
2,3,7,0,1,3
2,3,8,0,1,3
2,3,9,0,1,3
2,3,10,0,1,3
2,4,1,0,1,3
2,4,2,0,1,3
2,4,3,0,1,3
2,4,4,0,1,3
2,4,5,0,1,3
2,4,6,0,1,3
2,4,7,0,1,3
2,4,8,0,1,3
2,4,9,0,1,3
2,4,10,0,1,3
2,5,1,0,1,3
2,5,2,0,1,3
2,5,3,0,1,3
2,5,4,0,1,3
2,5,5,0,1,3
2,5,6,0,1,3
2,5,7,0,1,3
2,5,8,0,1,3
2,5,9,0,1,3
2,5,10,0,1,3
2,6,1,0,1,3
2,6,2,0,1,3
2,6,3,0,1,3
2,6,4,0,1,3
2,6,5,0,1,3
2,6,6,0,1,3
2,6,7,0,1,3
2,6,8,0,1,3
2,6,9,0,1,3
2,6,10,0,1,3
2,7,1,0,1,3
2,7,2,0,1,3
2,7,3,0,1,3
2,7,4,0,1,3
2,7,5,0,1,3
2,7,6,0,1,3
2,7,7,0,1,3
2,7,8,0,1,3
2,7,9,0,1,3
2,7,10,0,1,3
2,8,1,0,1,3
2,8,2,0,1,3
2,8,3,0,1,3
2,8,4,0,1,3
2,8,5,0,1,3
2,8,6,0,1,3
2,8,7,0,1,3
2,8,8,0,1,3
2,8,9,0,1,3
2,8,10,0,1,3
2,9,1,0,1,3
2,9,2,0,1,3
2,9,3,0,1,3
2,9,4,0,1,3
2,9,5,0,1,3
2,9,6,0,1,3
2,9,7,0,1,3
2,9,8,0,1,3
2,9,9,0,1,3
2,9,10,0,1,3
2,10,1,0,1,3
2,10,2,0,1,3
2,10,3,0,1,3
2,10,4,0,1,3
2,10,5,0,1,3
2,10,6,0,1,3
2,10,7,0,1,3
2,10,8,0,1,3
2,10,9,0,1,3
2,10,10,0,1,3
3,1,1,1,1,4
3,1,2,0,1,4
3,1,3,1,1,4
3,1,4,0,1,4
3,1,5,0,1,4
3,1,6,0,1,4
3,1,7,0,1,4
3,1,8,0,1,4
3,1,9,0,1,4
3,1,10,0,1,4
3,2,1,1,1,4
3,2,2,0,1,4
3,2,3,0,1,4
3,2,4,1,1,4
3,2,5,1,1,4
3,2,6,0,1,4
3,2,7,0,1,4
3,2,8,0,1,4
3,2,9,0,1,4
3,2,10,0,1,4
3,3,1,1,1,4
3,3,2,0,1,4
3,3,3,0,1,4
3,3,4,1,1,4
3,3,5,0,1,4
3,3,6,1,1,4
3,3,7,1,1,4
3,3,8,1,1,4
3,3,9,0,1,4
3,3,10,0,1,4
3,4,1,0,1,4
3,4,2,0,1,4
3,4,3,0,1,4
3,4,4,0,1,4
3,4,5,0,1,4
3,4,6,0,1,4
3,4,7,0,1,4
3,4,8,0,1,4
3,4,9,0,1,4
3,4,10,0,1,4
3,5,1,0,1,4
3,5,2,0,1,4
3,5,3,0,1,4
3,5,4,0,1,4
3,5,5,0,1,4
3,5,6,0,1,4
3,5,7,0,1,4
3,5,8,0,1,4
3,5,9,0,1,4
3,5,10,0,1,4
3,6,1,0,1,4
3,6,2,0,1,4
3,6,3,0,1,4
3,6,4,0,1,4
3,6,5,0,1,4
3,6,6,0,1,4
3,6,7,0,1,4
3,6,8,0,1,4
3,6,9,0,1,4
3,6,10,0,1,4
3,7,1,0,1,4
3,7,2,0,1,4
3,7,3,0,1,4
3,7,4,0,1,4
3,7,5,0,1,4
3,7,6,0,1,4
3,7,7,0,1,4
3,7,8,0,1,4
3,7,9,0,1,4
3,7,10,0,1,4
3,8,1,0,1,4
3,8,2,0,1,4
3,8,3,0,1,4
3,8,4,0,1,4
3,8,5,0,1,4
3,8,6,0,1,4
3,8,7,0,1,4
3,8,8,0,1,4
3,8,9,0,1,4
3,8,10,0,1,4
3,9,1,0,1,4
3,9,2,0,1,4
3,9,3,0,1,4
3,9,4,0,1,4
3,9,5,0,1,4
3,9,6,0,1,4
3,9,7,0,1,4
3,9,8,0,1,4
3,9,9,0,1,4
3,9,10,0,1,4
3,10,1,0,1,4
3,10,2,0,1,4
3,10,3,0,1,4
3,10,4,0,1,4
3,10,5,0,1,4
3,10,6,0,1,4
3,10,7,0,1,4
3,10,8,0,1,4
3,10,9,0,1,4
3,10,10,0,1,4
4,1,1,1,1,5
4,1,2,0,1,5
4,1,3,0,1,5
4,1,4,1,1,5
4,1,5,0,1,5
4,1,6,0,1,5
4,1,7,0,1,5
4,1,8,0,1,5
4,1,9,0,1,5
4,1,10,0,1,5
4,2,1,1,1,5
4,2,2,0,1,5
4,2,3,1,1,5
4,2,4,0,1,5
4,2,5,1,1,5
4,2,6,0,1,5
4,2,7,0,1,5
4,2,8,0,1,5
4,2,9,0,1,5
4,2,10,0,1,5
4,3,1,1,1,5
4,3,2,0,1,5
4,3,3,1,1,5
4,3,4,0,1,5
4,3,5,0,1,5
4,3,6,1,1,5
4,3,7,1,1,5
4,3,8,1,1,5
4,3,9,0,1,5
4,3,10,0,1,5
4,4,1,0,1,5
4,4,2,0,1,5
4,4,3,0,1,5
4,4,4,0,1,5
4,4,5,0,1,5
4,4,6,0,1,5
4,4,7,0,1,5
4,4,8,0,1,5
4,4,9,0,1,5
4,4,10,0,1,5
4,5,1,0,1,5
4,5,2,0,1,5
4,5,3,0,1,5
4,5,4,0,1,5
4,5,5,0,1,5
4,5,6,0,1,5
4,5,7,0,1,5
4,5,8,0,1,5
4,5,9,0,1,5
4,5,10,0,1,5
4,6,1,0,1,5
4,6,2,0,1,5
4,6,3,0,1,5
4,6,4,0,1,5
4,6,5,0,1,5
4,6,6,0,1,5
4,6,7,0,1,5
4,6,8,0,1,5
4,6,9,0,1,5
4,6,10,0,1,5
4,7,1,0,1,5
4,7,2,0,1,5
4,7,3,0,1,5
4,7,4,0,1,5
4,7,5,0,1,5
4,7,6,0,1,5
4,7,7,0,1,5
4,7,8,0,1,5
4,7,9,0,1,5
4,7,10,0,1,5
4,8,1,0,1,5
4,8,2,0,1,5
4,8,3,0,1,5
4,8,4,0,1,5
4,8,5,0,1,5
4,8,6,0,1,5
4,8,7,0,1,5
4,8,8,0,1,5
4,8,9,0,1,5
4,8,10,0,1,5
4,9,1,0,1,5
4,9,2,0,1,5
4,9,3,0,1,5
4,9,4,0,1,5
4,9,5,0,1,5
4,9,6,0,1,5
4,9,7,0,1,5
4,9,8,0,1,5
4,9,9,0,1,5
4,9,10,0,1,5
4,10,1,0,1,5
4,10,2,0,1,5
4,10,3,0,1,5
4,10,4,0,1,5
4,10,5,0,1,5
4,10,6,0,1,5
4,10,7,0,1,5
4,10,8,0,1,5
4,10,9,0,1,5
4,10,10,0,1,5
5,1,1,1,1,6
5,1,2,0,1,6
5,1,3,1,1,6
5,1,4,0,1,6
5,1,5,0,1,6
5,1,6,1,1,6
5,1,7,0,1,6
5,1,8,0,1,6
5,1,9,0,1,6
5,1,10,0,1,6
5,2,1,1,1,6
5,2,2,0,1,6
5,2,3,0,1,6
5,2,4,1,1,6
5,2,5,1,1,6
5,2,6,1,1,6
5,2,7,0,1,6
5,2,8,0,1,6
5,2,9,0,1,6
5,2,10,0,1,6
5,3,1,1,1,6
5,3,2,0,1,6
5,3,3,0,1,6
5,3,4,1,1,6
5,3,5,0,1,6
5,3,6,0,1,6
5,3,7,1,1,6
5,3,8,1,1,6
5,3,9,0,1,6
5,3,10,0,1,6
5,4,1,1,1,6
5,4,2,0,1,6
5,4,3,1,1,6
5,4,4,0,1,6
5,4,5,1,1,6
5,4,6,0,1,6
5,4,7,1,1,6
5,4,8,1,1,6
5,4,9,0,1,6
5,4,10,0,1,6
5,5,1,0,1,6
5,5,2,0,1,6
5,5,3,0,1,6
5,5,4,0,1,6
5,5,5,0,1,6
5,5,6,0,1,6
5,5,7,0,1,6
5,5,8,0,1,6
5,5,9,0,1,6
5,5,10,0,1,6
5,6,1,0,1,6
5,6,2,0,1,6
5,6,3,0,1,6
5,6,4,0,1,6
5,6,5,0,1,6
5,6,6,0,1,6
5,6,7,0,1,6
5,6,8,0,1,6
5,6,9,0,1,6
5,6,10,0,1,6
5,7,1,0,1,6
5,7,2,0,1,6
5,7,3,0,1,6
5,7,4,0,1,6
5,7,5,0,1,6
5,7,6,0,1,6
5,7,7,0,1,6
5,7,8,0,1,6
5,7,9,0,1,6
5,7,10,0,1,6
5,8,1,0,1,6
5,8,2,0,1,6
5,8,3,0,1,6
5,8,4,0,1,6
5,8,5,0,1,6
5,8,6,0,1,6
5,8,7,0,1,6
5,8,8,0,1,6
5,8,9,0,1,6
5,8,10,0,1,6
5,9,1,0,1,6
5,9,2,0,1,6
5,9,3,0,1,6
5,9,4,0,1,6
5,9,5,0,1,6
5,9,6,0,1,6
5,9,7,0,1,6
5,9,8,0,1,6
5,9,9,0,1,6
5,9,10,0,1,6
5,10,1,0,1,6
5,10,2,0,1,6
5,10,3,0,1,6
5,10,4,0,1,6
5,10,5,0,1,6
5,10,6,0,1,6
5,10,7,0,1,6
5,10,8,0,1,6
5,10,9,0,1,6
5,10,10,0,1,6
6,1,1,1,1,7
6,1,2,0,1,7
6,1,3,0,1,7
6,1,4,1,1,7
6,1,5,0,1,7
6,1,6,0,1,7
6,1,7,1,1,7
6,1,8,0,1,7
6,1,9,0,1,7
6,1,10,0,1,7
6,2,1,1,1,7
6,2,2,0,1,7
6,2,3,1,1,7
6,2,4,0,1,7
6,2,5,1,1,7
6,2,6,0,1,7
6,2,7,1,1,7
6,2,8,0,1,7
6,2,9,0,1,7
6,2,10,0,1,7
6,3,1,1,1,7
6,3,2,0,1,7
6,3,3,1,1,7
6,3,4,0,1,7
6,3,5,0,1,7
6,3,6,1,1,7
6,3,7,0,1,7
6,3,8,1,1,7
6,3,9,0,1,7
6,3,10,0,1,7
6,4,1,1,1,7
6,4,2,0,1,7
6,4,3,0,1,7
6,4,4,1,1,7
6,4,5,1,1,7
6,4,6,1,1,7
6,4,7,0,1,7
6,4,8,1,1,7
6,4,9,0,1,7
6,4,10,0,1,7
6,5,1,0,1,7
6,5,2,0,1,7
6,5,3,0,1,7
6,5,4,0,1,7
6,5,5,0,1,7
6,5,6,0,1,7
6,5,7,0,1,7
6,5,8,0,1,7
6,5,9,0,1,7
6,5,10,0,1,7
6,6,1,0,1,7
6,6,2,0,1,7
6,6,3,0,1,7
6,6,4,0,1,7
6,6,5,0,1,7
6,6,6,0,1,7
6,6,7,0,1,7
6,6,8,0,1,7
6,6,9,0,1,7
6,6,10,0,1,7
6,7,1,0,1,7
6,7,2,0,1,7
6,7,3,0,1,7
6,7,4,0,1,7
6,7,5,0,1,7
6,7,6,0,1,7
6,7,7,0,1,7
6,7,8,0,1,7
6,7,9,0,1,7
6,7,10,0,1,7
6,8,1,0,1,7
6,8,2,0,1,7
6,8,3,0,1,7
6,8,4,0,1,7
6,8,5,0,1,7
6,8,6,0,1,7
6,8,7,0,1,7
6,8,8,0,1,7
6,8,9,0,1,7
6,8,10,0,1,7
6,9,1,0,1,7
6,9,2,0,1,7
6,9,3,0,1,7
6,9,4,0,1,7
6,9,5,0,1,7
6,9,6,0,1,7
6,9,7,0,1,7
6,9,8,0,1,7
6,9,9,0,1,7
6,9,10,0,1,7
6,10,1,0,1,7
6,10,2,0,1,7
6,10,3,0,1,7
6,10,4,0,1,7
6,10,5,0,1,7
6,10,6,0,1,7
6,10,7,0,1,7
6,10,8,0,1,7
6,10,9,0,1,7
6,10,10,0,1,7
7,1,1,1,1,8
7,1,2,0,1,8
7,1,3,1,1,8
7,1,4,0,1,8
7,1,5,0,1,8
7,1,6,1,1,8
7,1,7,0,1,8
7,1,8,0,1,8
7,1,9,1,1,8
7,1,10,0,1,8
7,2,1,1,1,8
7,2,2,0,1,8
7,2,3,0,1,8
7,2,4,1,1,8
7,2,5,1,1,8
7,2,6,1,1,8
7,2,7,0,1,8
7,2,8,0,1,8
7,2,9,1,1,8
7,2,10,0,1,8
7,3,1,1,1,8
7,3,2,0,1,8
7,3,3,0,1,8
7,3,4,1,1,8
7,3,5,0,1,8
7,3,6,0,1,8
7,3,7,1,1,8
7,3,8,1,1,8
7,3,9,1,1,8
7,3,10,0,1,8
7,4,1,1,1,8
7,4,2,0,1,8
7,4,3,1,1,8
7,4,4,0,1,8
7,4,5,1,1,8
7,4,6,0,1,8
7,4,7,1,1,8
7,4,8,1,1,8
7,4,9,1,1,8
7,4,10,0,1,8
7,5,1,0,1,8
7,5,2,0,1,8
7,5,3,0,1,8
7,5,4,0,1,8
7,5,5,0,1,8
7,5,6,0,1,8
7,5,7,0,1,8
7,5,8,0,1,8
7,5,9,0,1,8
7,5,10,0,1,8
7,6,1,0,1,8
7,6,2,0,1,8
7,6,3,0,1,8
7,6,4,0,1,8
7,6,5,0,1,8
7,6,6,0,1,8
7,6,7,0,1,8
7,6,8,0,1,8
7,6,9,0,1,8
7,6,10,0,1,8
7,7,1,0,1,8
7,7,2,0,1,8
7,7,3,0,1,8
7,7,4,0,1,8
7,7,5,0,1,8
7,7,6,0,1,8
7,7,7,0,1,8
7,7,8,0,1,8
7,7,9,0,1,8
7,7,10,0,1,8
7,8,1,0,1,8
7,8,2,0,1,8
7,8,3,0,1,8
7,8,4,0,1,8
7,8,5,0,1,8
7,8,6,0,1,8
7,8,7,0,1,8
7,8,8,0,1,8
7,8,9,0,1,8
7,8,10,0,1,8
7,9,1,0,1,8
7,9,2,0,1,8
7,9,3,0,1,8
7,9,4,0,1,8
7,9,5,0,1,8
7,9,6,0,1,8
7,9,7,0,1,8
7,9,8,0,1,8
7,9,9,0,1,8
7,9,10,0,1,8
7,10,1,0,1,8
7,10,2,0,1,8
7,10,3,0,1,8
7,10,4,0,1,8
7,10,5,0,1,8
7,10,6,0,1,8
7,10,7,0,1,8
7,10,8,0,1,8
7,10,9,0,1,8
7,10,10,0,1,8
8,1,1,1,1,9
8,1,2,0,1,9
8,1,3,0,1,9
8,1,4,1,1,9
8,1,5,0,1,9
8,1,6,0,1,9
8,1,7,1,1,9
8,1,8,0,1,9
8,1,9,0,1,9
8,1,10,1,1,9
8,2,1,1,1,9
8,2,2,0,1,9
8,2,3,1,1,9
8,2,4,0,1,9
8,2,5,1,1,9
8,2,6,0,1,9
8,2,7,1,1,9
8,2,8,0,1,9
8,2,9,0,1,9
8,2,10,1,1,9
8,3,1,1,1,9
8,3,2,0,1,9
8,3,3,1,1,9
8,3,4,0,1,9
8,3,5,0,1,9
8,3,6,1,1,9
8,3,7,0,1,9
8,3,8,1,1,9
8,3,9,0,1,9
8,3,10,1,1,9
8,4,1,1,1,9
8,4,2,0,1,9
8,4,3,0,1,9
8,4,4,1,1,9
8,4,5,1,1,9
8,4,6,1,1,9
8,4,7,0,1,9
8,4,8,1,1,9
8,4,9,0,1,9
8,4,10,1,1,9
8,5,1,0,1,9
8,5,2,0,1,9
8,5,3,0,1,9
8,5,4,0,1,9
8,5,5,0,1,9
8,5,6,0,1,9
8,5,7,0,1,9
8,5,8,0,1,9
8,5,9,0,1,9
8,5,10,0,1,9
8,6,1,0,1,9
8,6,2,0,1,9
8,6,3,0,1,9
8,6,4,0,1,9
8,6,5,0,1,9
8,6,6,0,1,9
8,6,7,0,1,9
8,6,8,0,1,9
8,6,9,0,1,9
8,6,10,0,1,9
8,7,1,0,1,9
8,7,2,0,1,9
8,7,3,0,1,9
8,7,4,0,1,9
8,7,5,0,1,9
8,7,6,0,1,9
8,7,7,0,1,9
8,7,8,0,1,9
8,7,9,0,1,9
8,7,10,0,1,9
8,8,1,0,1,9
8,8,2,0,1,9
8,8,3,0,1,9
8,8,4,0,1,9
8,8,5,0,1,9
8,8,6,0,1,9
8,8,7,0,1,9
8,8,8,0,1,9
8,8,9,0,1,9
8,8,10,0,1,9
8,9,1,0,1,9
8,9,2,0,1,9
8,9,3,0,1,9
8,9,4,0,1,9
8,9,5,0,1,9
8,9,6,0,1,9
8,9,7,0,1,9
8,9,8,0,1,9
8,9,9,0,1,9
8,9,10,0,1,9
8,10,1,0,1,9
8,10,2,0,1,9
8,10,3,0,1,9
8,10,4,0,1,9
8,10,5,0,1,9
8,10,6,0,1,9
8,10,7,0,1,9
8,10,8,0,1,9
8,10,9,0,1,9
8,10,10,0,1,9
9,1,1,1,2,1
9,1,2,1,2,1
9,1,3,0,2,1
9,1,4,0,2,1
9,1,5,0,2,1
9,1,6,0,2,1
9,1,7,0,2,1
9,1,8,0,2,1
9,1,9,0,2,1
9,1,10,0,2,1
9,2,1,0,2,1
9,2,2,0,2,1
9,2,3,0,2,1
9,2,4,0,2,1
9,2,5,0,2,1
9,2,6,0,2,1
9,2,7,0,2,1
9,2,8,0,2,1
9,2,9,0,2,1
9,2,10,0,2,1
9,3,1,0,2,1
9,3,2,0,2,1
9,3,3,0,2,1
9,3,4,0,2,1
9,3,5,0,2,1
9,3,6,0,2,1
9,3,7,0,2,1
9,3,8,0,2,1
9,3,9,0,2,1
9,3,10,0,2,1
9,4,1,0,2,1
9,4,2,0,2,1
9,4,3,0,2,1
9,4,4,0,2,1
9,4,5,0,2,1
9,4,6,0,2,1
9,4,7,0,2,1
9,4,8,0,2,1
9,4,9,0,2,1
9,4,10,0,2,1
9,5,1,0,2,1
9,5,2,0,2,1
9,5,3,0,2,1
9,5,4,0,2,1
9,5,5,0,2,1
9,5,6,0,2,1
9,5,7,0,2,1
9,5,8,0,2,1
9,5,9,0,2,1
9,5,10,0,2,1
9,6,1,0,2,1
9,6,2,0,2,1
9,6,3,0,2,1
9,6,4,0,2,1
9,6,5,0,2,1
9,6,6,0,2,1
9,6,7,0,2,1
9,6,8,0,2,1
9,6,9,0,2,1
9,6,10,0,2,1
9,7,1,0,2,1
9,7,2,0,2,1
9,7,3,0,2,1
9,7,4,0,2,1
9,7,5,0,2,1
9,7,6,0,2,1
9,7,7,0,2,1
9,7,8,0,2,1
9,7,9,0,2,1
9,7,10,0,2,1
9,8,1,0,2,1
9,8,2,0,2,1
9,8,3,0,2,1
9,8,4,0,2,1
9,8,5,0,2,1
9,8,6,0,2,1
9,8,7,0,2,1
9,8,8,0,2,1
9,8,9,0,2,1
9,8,10,0,2,1
9,9,1,0,2,1
9,9,2,0,2,1
9,9,3,0,2,1
9,9,4,0,2,1
9,9,5,0,2,1
9,9,6,0,2,1
9,9,7,0,2,1
9,9,8,0,2,1
9,9,9,0,2,1
9,9,10,0,2,1
9,10,1,0,2,1
9,10,2,0,2,1
9,10,3,0,2,1
9,10,4,0,2,1
9,10,5,0,2,1
9,10,6,0,2,1
9,10,7,0,2,1
9,10,8,0,2,1
9,10,9,0,2,1
9,10,10,0,2,1
10,1,1,0,2,3
10,1,2,1,2,3
10,1,3,0,2,3
10,1,4,0,2,3
10,1,5,0,2,3
10,1,6,0,2,3
10,1,7,0,2,3
10,1,8,0,2,3
10,1,9,0,2,3
10,1,10,0,2,3
10,2,1,0,2,3
10,2,2,0,2,3
10,2,3,0,2,3
10,2,4,0,2,3
10,2,5,0,2,3
10,2,6,0,2,3
10,2,7,0,2,3
10,2,8,0,2,3
10,2,9,0,2,3
10,2,10,0,2,3
10,3,1,0,2,3
10,3,2,0,2,3
10,3,3,0,2,3
10,3,4,0,2,3
10,3,5,0,2,3
10,3,6,0,2,3
10,3,7,0,2,3
10,3,8,0,2,3
10,3,9,0,2,3
10,3,10,0,2,3
10,4,1,0,2,3
10,4,2,0,2,3
10,4,3,0,2,3
10,4,4,0,2,3
10,4,5,0,2,3
10,4,6,0,2,3
10,4,7,0,2,3
10,4,8,0,2,3
10,4,9,0,2,3
10,4,10,0,2,3
10,5,1,0,2,3
10,5,2,0,2,3
10,5,3,0,2,3
10,5,4,0,2,3
10,5,5,0,2,3
10,5,6,0,2,3
10,5,7,0,2,3
10,5,8,0,2,3
10,5,9,0,2,3
10,5,10,0,2,3
10,6,1,0,2,3
10,6,2,0,2,3
10,6,3,0,2,3
10,6,4,0,2,3
10,6,5,0,2,3
10,6,6,0,2,3
10,6,7,0,2,3
10,6,8,0,2,3
10,6,9,0,2,3
10,6,10,0,2,3
10,7,1,0,2,3
10,7,2,0,2,3
10,7,3,0,2,3
10,7,4,0,2,3
10,7,5,0,2,3
10,7,6,0,2,3
10,7,7,0,2,3
10,7,8,0,2,3
10,7,9,0,2,3
10,7,10,0,2,3
10,8,1,0,2,3
10,8,2,0,2,3
10,8,3,0,2,3
10,8,4,0,2,3
10,8,5,0,2,3
10,8,6,0,2,3
10,8,7,0,2,3
10,8,8,0,2,3
10,8,9,0,2,3
10,8,10,0,2,3
10,9,1,0,2,3
10,9,2,0,2,3
10,9,3,0,2,3
10,9,4,0,2,3
10,9,5,0,2,3
10,9,6,0,2,3
10,9,7,0,2,3
10,9,8,0,2,3
10,9,9,0,2,3
10,9,10,0,2,3
10,10,1,0,2,3
10,10,2,0,2,3
10,10,3,0,2,3
10,10,4,0,2,3
10,10,5,0,2,3
10,10,6,0,2,3
10,10,7,0,2,3
10,10,8,0,2,3
10,10,9,0,2,3
10,10,10,0,2,3
11,1,1,0,2,4
11,1,2,1,2,4
11,1,3,1,2,4
11,1,4,0,2,4
11,1,5,0,2,4
11,1,6,0,2,4
11,1,7,0,2,4
11,1,8,0,2,4
11,1,9,0,2,4
11,1,10,0,2,4
11,2,1,0,2,4
11,2,2,1,2,4
11,2,3,0,2,4
11,2,4,1,2,4
11,2,5,1,2,4
11,2,6,0,2,4
11,2,7,0,2,4
11,2,8,0,2,4
11,2,9,0,2,4
11,2,10,0,2,4
11,3,1,0,2,4
11,3,2,1,2,4
11,3,3,0,2,4
11,3,4,1,2,4
11,3,5,0,2,4
11,3,6,1,2,4
11,3,7,1,2,4
11,3,8,1,2,4
11,3,9,0,2,4
11,3,10,0,2,4
11,4,1,0,2,4
11,4,2,0,2,4
11,4,3,0,2,4
11,4,4,0,2,4
11,4,5,0,2,4
11,4,6,0,2,4
11,4,7,0,2,4
11,4,8,0,2,4
11,4,9,0,2,4
11,4,10,0,2,4
11,5,1,0,2,4
11,5,2,0,2,4
11,5,3,0,2,4
11,5,4,0,2,4
11,5,5,0,2,4
11,5,6,0,2,4
11,5,7,0,2,4
11,5,8,0,2,4
11,5,9,0,2,4
11,5,10,0,2,4
11,6,1,0,2,4
11,6,2,0,2,4
11,6,3,0,2,4
11,6,4,0,2,4
11,6,5,0,2,4
11,6,6,0,2,4
11,6,7,0,2,4
11,6,8,0,2,4
11,6,9,0,2,4
11,6,10,0,2,4
11,7,1,0,2,4
11,7,2,0,2,4
11,7,3,0,2,4
11,7,4,0,2,4
11,7,5,0,2,4
11,7,6,0,2,4
11,7,7,0,2,4
11,7,8,0,2,4
11,7,9,0,2,4
11,7,10,0,2,4
11,8,1,0,2,4
11,8,2,0,2,4
11,8,3,0,2,4
11,8,4,0,2,4
11,8,5,0,2,4
11,8,6,0,2,4
11,8,7,0,2,4
11,8,8,0,2,4
11,8,9,0,2,4
11,8,10,0,2,4
11,9,1,0,2,4
11,9,2,0,2,4
11,9,3,0,2,4
11,9,4,0,2,4
11,9,5,0,2,4
11,9,6,0,2,4
11,9,7,0,2,4
11,9,8,0,2,4
11,9,9,0,2,4
11,9,10,0,2,4
11,10,1,0,2,4
11,10,2,0,2,4
11,10,3,0,2,4
11,10,4,0,2,4
11,10,5,0,2,4
11,10,6,0,2,4
11,10,7,0,2,4
11,10,8,0,2,4
11,10,9,0,2,4
11,10,10,0,2,4
12,1,1,0,2,5
12,1,2,1,2,5
12,1,3,0,2,5
12,1,4,1,2,5
12,1,5,0,2,5
12,1,6,0,2,5
12,1,7,0,2,5
12,1,8,0,2,5
12,1,9,0,2,5
12,1,10,0,2,5
12,2,1,0,2,5
12,2,2,1,2,5
12,2,3,1,2,5
12,2,4,0,2,5
12,2,5,1,2,5
12,2,6,0,2,5
12,2,7,0,2,5
12,2,8,0,2,5
12,2,9,0,2,5
12,2,10,0,2,5
12,3,1,0,2,5
12,3,2,1,2,5
12,3,3,1,2,5
12,3,4,0,2,5
12,3,5,0,2,5
12,3,6,1,2,5
12,3,7,1,2,5
12,3,8,1,2,5
12,3,9,0,2,5
12,3,10,0,2,5
12,4,1,0,2,5
12,4,2,0,2,5
12,4,3,0,2,5
12,4,4,0,2,5
12,4,5,0,2,5
12,4,6,0,2,5
12,4,7,0,2,5
12,4,8,0,2,5
12,4,9,0,2,5
12,4,10,0,2,5
12,5,1,0,2,5
12,5,2,0,2,5
12,5,3,0,2,5
12,5,4,0,2,5
12,5,5,0,2,5
12,5,6,0,2,5
12,5,7,0,2,5
12,5,8,0,2,5
12,5,9,0,2,5
12,5,10,0,2,5
12,6,1,0,2,5
12,6,2,0,2,5
12,6,3,0,2,5
12,6,4,0,2,5
12,6,5,0,2,5
12,6,6,0,2,5
12,6,7,0,2,5
12,6,8,0,2,5
12,6,9,0,2,5
12,6,10,0,2,5
12,7,1,0,2,5
12,7,2,0,2,5
12,7,3,0,2,5
12,7,4,0,2,5
12,7,5,0,2,5
12,7,6,0,2,5
12,7,7,0,2,5
12,7,8,0,2,5
12,7,9,0,2,5
12,7,10,0,2,5
12,8,1,0,2,5
12,8,2,0,2,5
12,8,3,0,2,5
12,8,4,0,2,5
12,8,5,0,2,5
12,8,6,0,2,5
12,8,7,0,2,5
12,8,8,0,2,5
12,8,9,0,2,5
12,8,10,0,2,5
12,9,1,0,2,5
12,9,2,0,2,5
12,9,3,0,2,5
12,9,4,0,2,5
12,9,5,0,2,5
12,9,6,0,2,5
12,9,7,0,2,5
12,9,8,0,2,5
12,9,9,0,2,5
12,9,10,0,2,5
12,10,1,0,2,5
12,10,2,0,2,5
12,10,3,0,2,5
12,10,4,0,2,5
12,10,5,0,2,5
12,10,6,0,2,5
12,10,7,0,2,5
12,10,8,0,2,5
12,10,9,0,2,5
12,10,10,0,2,5
13,1,1,0,2,6
13,1,2,1,2,6
13,1,3,1,2,6
13,1,4,0,2,6
13,1,5,0,2,6
13,1,6,1,2,6
13,1,7,0,2,6
13,1,8,0,2,6
13,1,9,0,2,6
13,1,10,0,2,6
13,2,1,0,2,6
13,2,2,1,2,6
13,2,3,0,2,6
13,2,4,1,2,6
13,2,5,1,2,6
13,2,6,1,2,6
13,2,7,0,2,6
13,2,8,0,2,6
13,2,9,0,2,6
13,2,10,0,2,6
13,3,1,0,2,6
13,3,2,1,2,6
13,3,3,0,2,6
13,3,4,1,2,6
13,3,5,0,2,6
13,3,6,0,2,6
13,3,7,1,2,6
13,3,8,1,2,6
13,3,9,0,2,6
13,3,10,0,2,6
13,4,1,0,2,6
13,4,2,1,2,6
13,4,3,1,2,6
13,4,4,0,2,6
13,4,5,1,2,6
13,4,6,0,2,6
13,4,7,1,2,6
13,4,8,1,2,6
13,4,9,0,2,6
13,4,10,0,2,6
13,5,1,0,2,6
13,5,2,0,2,6
13,5,3,0,2,6
13,5,4,0,2,6
13,5,5,0,2,6
13,5,6,0,2,6
13,5,7,0,2,6
13,5,8,0,2,6
13,5,9,0,2,6
13,5,10,0,2,6
13,6,1,0,2,6
13,6,2,0,2,6
13,6,3,0,2,6
13,6,4,0,2,6
13,6,5,0,2,6
13,6,6,0,2,6
13,6,7,0,2,6
13,6,8,0,2,6
13,6,9,0,2,6
13,6,10,0,2,6
13,7,1,0,2,6
13,7,2,0,2,6
13,7,3,0,2,6
13,7,4,0,2,6
13,7,5,0,2,6
13,7,6,0,2,6
13,7,7,0,2,6
13,7,8,0,2,6
13,7,9,0,2,6
13,7,10,0,2,6
13,8,1,0,2,6
13,8,2,0,2,6
13,8,3,0,2,6
13,8,4,0,2,6
13,8,5,0,2,6
13,8,6,0,2,6
13,8,7,0,2,6
13,8,8,0,2,6
13,8,9,0,2,6
13,8,10,0,2,6
13,9,1,0,2,6
13,9,2,0,2,6
13,9,3,0,2,6
13,9,4,0,2,6
13,9,5,0,2,6
13,9,6,0,2,6
13,9,7,0,2,6
13,9,8,0,2,6
13,9,9,0,2,6
13,9,10,0,2,6
13,10,1,0,2,6
13,10,2,0,2,6
13,10,3,0,2,6
13,10,4,0,2,6
13,10,5,0,2,6
13,10,6,0,2,6
13,10,7,0,2,6
13,10,8,0,2,6
13,10,9,0,2,6
13,10,10,0,2,6
14,1,1,0,2,7
14,1,2,1,2,7
14,1,3,0,2,7
14,1,4,1,2,7
14,1,5,0,2,7
14,1,6,0,2,7
14,1,7,1,2,7
14,1,8,0,2,7
14,1,9,0,2,7
14,1,10,0,2,7
14,2,1,0,2,7
14,2,2,1,2,7
14,2,3,1,2,7
14,2,4,0,2,7
14,2,5,1,2,7
14,2,6,0,2,7
14,2,7,1,2,7
14,2,8,0,2,7
14,2,9,0,2,7
14,2,10,0,2,7
14,3,1,0,2,7
14,3,2,1,2,7
14,3,3,1,2,7
14,3,4,0,2,7
14,3,5,0,2,7
14,3,6,1,2,7
14,3,7,0,2,7
14,3,8,1,2,7
14,3,9,0,2,7
14,3,10,0,2,7
14,4,1,0,2,7
14,4,2,1,2,7
14,4,3,0,2,7
14,4,4,1,2,7
14,4,5,1,2,7
14,4,6,1,2,7
14,4,7,0,2,7
14,4,8,1,2,7
14,4,9,0,2,7
14,4,10,0,2,7
14,5,1,0,2,7
14,5,2,0,2,7
14,5,3,0,2,7
14,5,4,0,2,7
14,5,5,0,2,7
14,5,6,0,2,7
14,5,7,0,2,7
14,5,8,0,2,7
14,5,9,0,2,7
14,5,10,0,2,7
14,6,1,0,2,7
14,6,2,0,2,7
14,6,3,0,2,7
14,6,4,0,2,7
14,6,5,0,2,7
14,6,6,0,2,7
14,6,7,0,2,7
14,6,8,0,2,7
14,6,9,0,2,7
14,6,10,0,2,7
14,7,1,0,2,7
14,7,2,0,2,7
14,7,3,0,2,7
14,7,4,0,2,7
14,7,5,0,2,7
14,7,6,0,2,7
14,7,7,0,2,7
14,7,8,0,2,7
14,7,9,0,2,7
14,7,10,0,2,7
14,8,1,0,2,7
14,8,2,0,2,7
14,8,3,0,2,7
14,8,4,0,2,7
14,8,5,0,2,7
14,8,6,0,2,7
14,8,7,0,2,7
14,8,8,0,2,7
14,8,9,0,2,7
14,8,10,0,2,7
14,9,1,0,2,7
14,9,2,0,2,7
14,9,3,0,2,7
14,9,4,0,2,7
14,9,5,0,2,7
14,9,6,0,2,7
14,9,7,0,2,7
14,9,8,0,2,7
14,9,9,0,2,7
14,9,10,0,2,7
14,10,1,0,2,7
14,10,2,0,2,7
14,10,3,0,2,7
14,10,4,0,2,7
14,10,5,0,2,7
14,10,6,0,2,7
14,10,7,0,2,7
14,10,8,0,2,7
14,10,9,0,2,7
14,10,10,0,2,7
15,1,1,0,2,8
15,1,2,1,2,8
15,1,3,1,2,8
15,1,4,0,2,8
15,1,5,0,2,8
15,1,6,1,2,8
15,1,7,0,2,8
15,1,8,0,2,8
15,1,9,1,2,8
15,1,10,0,2,8
15,2,1,0,2,8
15,2,2,1,2,8
15,2,3,0,2,8
15,2,4,1,2,8
15,2,5,1,2,8
15,2,6,1,2,8
15,2,7,0,2,8
15,2,8,0,2,8
15,2,9,1,2,8
15,2,10,0,2,8
15,3,1,0,2,8
15,3,2,1,2,8
15,3,3,0,2,8
15,3,4,1,2,8
15,3,5,0,2,8
15,3,6,0,2,8
15,3,7,1,2,8
15,3,8,1,2,8
15,3,9,1,2,8
15,3,10,0,2,8
15,4,1,0,2,8
15,4,2,1,2,8
15,4,3,1,2,8
15,4,4,0,2,8
15,4,5,1,2,8
15,4,6,0,2,8
15,4,7,1,2,8
15,4,8,1,2,8
15,4,9,1,2,8
15,4,10,0,2,8
15,5,1,0,2,8
15,5,2,0,2,8
15,5,3,0,2,8
15,5,4,0,2,8
15,5,5,0,2,8
15,5,6,0,2,8
15,5,7,0,2,8
15,5,8,0,2,8
15,5,9,0,2,8
15,5,10,0,2,8
15,6,1,0,2,8
15,6,2,0,2,8
15,6,3,0,2,8
15,6,4,0,2,8
15,6,5,0,2,8
15,6,6,0,2,8
15,6,7,0,2,8
15,6,8,0,2,8
15,6,9,0,2,8
15,6,10,0,2,8
15,7,1,0,2,8
15,7,2,0,2,8
15,7,3,0,2,8
15,7,4,0,2,8
15,7,5,0,2,8
15,7,6,0,2,8
15,7,7,0,2,8
15,7,8,0,2,8
15,7,9,0,2,8
15,7,10,0,2,8
15,8,1,0,2,8
15,8,2,0,2,8
15,8,3,0,2,8
15,8,4,0,2,8
15,8,5,0,2,8
15,8,6,0,2,8
15,8,7,0,2,8
15,8,8,0,2,8
15,8,9,0,2,8
15,8,10,0,2,8
15,9,1,0,2,8
15,9,2,0,2,8
15,9,3,0,2,8
15,9,4,0,2,8
15,9,5,0,2,8
15,9,6,0,2,8
15,9,7,0,2,8
15,9,8,0,2,8
15,9,9,0,2,8
15,9,10,0,2,8
15,10,1,0,2,8
15,10,2,0,2,8
15,10,3,0,2,8
15,10,4,0,2,8
15,10,5,0,2,8
15,10,6,0,2,8
15,10,7,0,2,8
15,10,8,0,2,8
15,10,9,0,2,8
15,10,10,0,2,8
16,1,1,0,2,9
16,1,2,1,2,9
16,1,3,0,2,9
16,1,4,1,2,9
16,1,5,0,2,9
16,1,6,0,2,9
16,1,7,1,2,9
16,1,8,0,2,9
16,1,9,0,2,9
16,1,10,1,2,9
16,2,1,0,2,9
16,2,2,1,2,9
16,2,3,1,2,9
16,2,4,0,2,9
16,2,5,1,2,9
16,2,6,0,2,9
16,2,7,1,2,9
16,2,8,0,2,9
16,2,9,0,2,9
16,2,10,1,2,9
16,3,1,0,2,9
16,3,2,1,2,9
16,3,3,1,2,9
16,3,4,0,2,9
16,3,5,0,2,9
16,3,6,1,2,9
16,3,7,0,2,9
16,3,8,1,2,9
16,3,9,0,2,9
16,3,10,1,2,9
16,4,1,0,2,9
16,4,2,1,2,9
16,4,3,0,2,9
16,4,4,1,2,9
16,4,5,1,2,9
16,4,6,1,2,9
16,4,7,0,2,9
16,4,8,1,2,9
16,4,9,0,2,9
16,4,10,1,2,9
16,5,1,0,2,9
16,5,2,0,2,9
16,5,3,0,2,9
16,5,4,0,2,9
16,5,5,0,2,9
16,5,6,0,2,9
16,5,7,0,2,9
16,5,8,0,2,9
16,5,9,0,2,9
16,5,10,0,2,9
16,6,1,0,2,9
16,6,2,0,2,9
16,6,3,0,2,9
16,6,4,0,2,9
16,6,5,0,2,9
16,6,6,0,2,9
16,6,7,0,2,9
16,6,8,0,2,9
16,6,9,0,2,9
16,6,10,0,2,9
16,7,1,0,2,9
16,7,2,0,2,9
16,7,3,0,2,9
16,7,4,0,2,9
16,7,5,0,2,9
16,7,6,0,2,9
16,7,7,0,2,9
16,7,8,0,2,9
16,7,9,0,2,9
16,7,10,0,2,9
16,8,1,0,2,9
16,8,2,0,2,9
16,8,3,0,2,9
16,8,4,0,2,9
16,8,5,0,2,9
16,8,6,0,2,9
16,8,7,0,2,9
16,8,8,0,2,9
16,8,9,0,2,9
16,8,10,0,2,9
16,9,1,0,2,9
16,9,2,0,2,9
16,9,3,0,2,9
16,9,4,0,2,9
16,9,5,0,2,9
16,9,6,0,2,9
16,9,7,0,2,9
16,9,8,0,2,9
16,9,9,0,2,9
16,9,10,0,2,9
16,10,1,0,2,9
16,10,2,0,2,9
16,10,3,0,2,9
16,10,4,0,2,9
16,10,5,0,2,9
16,10,6,0,2,9
16,10,7,0,2,9
16,10,8,0,2,9
16,10,9,0,2,9
16,10,10,0,2,9
17,1,1,1,3,1
17,1,2,0,3,1
17,1,3,0,3,1
17,1,4,0,3,1
17,1,5,0,3,1
17,1,6,0,3,1
17,1,7,0,3,1
17,1,8,0,3,1
17,1,9,0,3,1
17,1,10,0,3,1
17,2,1,0,3,1
17,2,2,0,3,1
17,2,3,0,3,1
17,2,4,0,3,1
17,2,5,0,3,1
17,2,6,0,3,1
17,2,7,0,3,1
17,2,8,0,3,1
17,2,9,0,3,1
17,2,10,0,3,1
17,3,1,0,3,1
17,3,2,0,3,1
17,3,3,0,3,1
17,3,4,0,3,1
17,3,5,0,3,1
17,3,6,0,3,1
17,3,7,0,3,1
17,3,8,0,3,1
17,3,9,0,3,1
17,3,10,0,3,1
17,4,1,0,3,1
17,4,2,0,3,1
17,4,3,0,3,1
17,4,4,0,3,1
17,4,5,0,3,1
17,4,6,0,3,1
17,4,7,0,3,1
17,4,8,0,3,1
17,4,9,0,3,1
17,4,10,0,3,1
17,5,1,0,3,1
17,5,2,0,3,1
17,5,3,0,3,1
17,5,4,0,3,1
17,5,5,0,3,1
17,5,6,0,3,1
17,5,7,0,3,1
17,5,8,0,3,1
17,5,9,0,3,1
17,5,10,0,3,1
17,6,1,0,3,1
17,6,2,0,3,1
17,6,3,0,3,1
17,6,4,0,3,1
17,6,5,0,3,1
17,6,6,0,3,1
17,6,7,0,3,1
17,6,8,0,3,1
17,6,9,0,3,1
17,6,10,0,3,1
17,7,1,0,3,1
17,7,2,0,3,1
17,7,3,0,3,1
17,7,4,0,3,1
17,7,5,0,3,1
17,7,6,0,3,1
17,7,7,0,3,1
17,7,8,0,3,1
17,7,9,0,3,1
17,7,10,0,3,1
17,8,1,0,3,1
17,8,2,0,3,1
17,8,3,0,3,1
17,8,4,0,3,1
17,8,5,0,3,1
17,8,6,0,3,1
17,8,7,0,3,1
17,8,8,0,3,1
17,8,9,0,3,1
17,8,10,0,3,1
17,9,1,0,3,1
17,9,2,0,3,1
17,9,3,0,3,1
17,9,4,0,3,1
17,9,5,0,3,1
17,9,6,0,3,1
17,9,7,0,3,1
17,9,8,0,3,1
17,9,9,0,3,1
17,9,10,0,3,1
17,10,1,0,3,1
17,10,2,0,3,1
17,10,3,0,3,1
17,10,4,0,3,1
17,10,5,0,3,1
17,10,6,0,3,1
17,10,7,0,3,1
17,10,8,0,3,1
17,10,9,0,3,1
17,10,10,0,3,1
18,1,1,0,3,2
18,1,2,1,3,2
18,1,3,0,3,2
18,1,4,0,3,2
18,1,5,0,3,2
18,1,6,0,3,2
18,1,7,0,3,2
18,1,8,0,3,2
18,1,9,0,3,2
18,1,10,0,3,2
18,2,1,0,3,2
18,2,2,0,3,2
18,2,3,0,3,2
18,2,4,0,3,2
18,2,5,0,3,2
18,2,6,0,3,2
18,2,7,0,3,2
18,2,8,0,3,2
18,2,9,0,3,2
18,2,10,0,3,2
18,3,1,0,3,2
18,3,2,0,3,2
18,3,3,0,3,2
18,3,4,0,3,2
18,3,5,0,3,2
18,3,6,0,3,2
18,3,7,0,3,2
18,3,8,0,3,2
18,3,9,0,3,2
18,3,10,0,3,2
18,4,1,0,3,2
18,4,2,0,3,2
18,4,3,0,3,2
18,4,4,0,3,2
18,4,5,0,3,2
18,4,6,0,3,2
18,4,7,0,3,2
18,4,8,0,3,2
18,4,9,0,3,2
18,4,10,0,3,2
18,5,1,0,3,2
18,5,2,0,3,2
18,5,3,0,3,2
18,5,4,0,3,2
18,5,5,0,3,2
18,5,6,0,3,2
18,5,7,0,3,2
18,5,8,0,3,2
18,5,9,0,3,2
18,5,10,0,3,2
18,6,1,0,3,2
18,6,2,0,3,2
18,6,3,0,3,2
18,6,4,0,3,2
18,6,5,0,3,2
18,6,6,0,3,2
18,6,7,0,3,2
18,6,8,0,3,2
18,6,9,0,3,2
18,6,10,0,3,2
18,7,1,0,3,2
18,7,2,0,3,2
18,7,3,0,3,2
18,7,4,0,3,2
18,7,5,0,3,2
18,7,6,0,3,2
18,7,7,0,3,2
18,7,8,0,3,2
18,7,9,0,3,2
18,7,10,0,3,2
18,8,1,0,3,2
18,8,2,0,3,2
18,8,3,0,3,2
18,8,4,0,3,2
18,8,5,0,3,2
18,8,6,0,3,2
18,8,7,0,3,2
18,8,8,0,3,2
18,8,9,0,3,2
18,8,10,0,3,2
18,9,1,0,3,2
18,9,2,0,3,2
18,9,3,0,3,2
18,9,4,0,3,2
18,9,5,0,3,2
18,9,6,0,3,2
18,9,7,0,3,2
18,9,8,0,3,2
18,9,9,0,3,2
18,9,10,0,3,2
18,10,1,0,3,2
18,10,2,0,3,2
18,10,3,0,3,2
18,10,4,0,3,2
18,10,5,0,3,2
18,10,6,0,3,2
18,10,7,0,3,2
18,10,8,0,3,2
18,10,9,0,3,2
18,10,10,0,3,2
19,1,1,0,3,4
19,1,2,0,3,4
19,1,3,1,3,4
19,1,4,0,3,4
19,1,5,0,3,4
19,1,6,0,3,4
19,1,7,0,3,4
19,1,8,0,3,4
19,1,9,0,3,4
19,1,10,0,3,4
19,2,1,0,3,4
19,2,2,0,3,4
19,2,3,0,3,4
19,2,4,1,3,4
19,2,5,1,3,4
19,2,6,0,3,4
19,2,7,0,3,4
19,2,8,0,3,4
19,2,9,0,3,4
19,2,10,0,3,4
19,3,1,0,3,4
19,3,2,0,3,4
19,3,3,0,3,4
19,3,4,1,3,4
19,3,5,0,3,4
19,3,6,1,3,4
19,3,7,1,3,4
19,3,8,1,3,4
19,3,9,0,3,4
19,3,10,0,3,4
19,4,1,0,3,4
19,4,2,0,3,4
19,4,3,0,3,4
19,4,4,0,3,4
19,4,5,0,3,4
19,4,6,0,3,4
19,4,7,0,3,4
19,4,8,0,3,4
19,4,9,0,3,4
19,4,10,0,3,4
19,5,1,0,3,4
19,5,2,0,3,4
19,5,3,0,3,4
19,5,4,0,3,4
19,5,5,0,3,4
19,5,6,0,3,4
19,5,7,0,3,4
19,5,8,0,3,4
19,5,9,0,3,4
19,5,10,0,3,4
19,6,1,0,3,4
19,6,2,0,3,4
19,6,3,0,3,4
19,6,4,0,3,4
19,6,5,0,3,4
19,6,6,0,3,4
19,6,7,0,3,4
19,6,8,0,3,4
19,6,9,0,3,4
19,6,10,0,3,4
19,7,1,0,3,4
19,7,2,0,3,4
19,7,3,0,3,4
19,7,4,0,3,4
19,7,5,0,3,4
19,7,6,0,3,4
19,7,7,0,3,4
19,7,8,0,3,4
19,7,9,0,3,4
19,7,10,0,3,4
19,8,1,0,3,4
19,8,2,0,3,4
19,8,3,0,3,4
19,8,4,0,3,4
19,8,5,0,3,4
19,8,6,0,3,4
19,8,7,0,3,4
19,8,8,0,3,4
19,8,9,0,3,4
19,8,10,0,3,4
19,9,1,0,3,4
19,9,2,0,3,4
19,9,3,0,3,4
19,9,4,0,3,4
19,9,5,0,3,4
19,9,6,0,3,4
19,9,7,0,3,4
19,9,8,0,3,4
19,9,9,0,3,4
19,9,10,0,3,4
19,10,1,0,3,4
19,10,2,0,3,4
19,10,3,0,3,4
19,10,4,0,3,4
19,10,5,0,3,4
19,10,6,0,3,4
19,10,7,0,3,4
19,10,8,0,3,4
19,10,9,0,3,4
19,10,10,0,3,4
20,1,1,0,3,5
20,1,2,0,3,5
20,1,3,0,3,5
20,1,4,1,3,5
20,1,5,0,3,5
20,1,6,0,3,5
20,1,7,0,3,5
20,1,8,0,3,5
20,1,9,0,3,5
20,1,10,0,3,5
20,2,1,0,3,5
20,2,2,0,3,5
20,2,3,1,3,5
20,2,4,0,3,5
20,2,5,1,3,5
20,2,6,0,3,5
20,2,7,0,3,5
20,2,8,0,3,5
20,2,9,0,3,5
20,2,10,0,3,5
20,3,1,0,3,5
20,3,2,0,3,5
20,3,3,1,3,5
20,3,4,0,3,5
20,3,5,0,3,5
20,3,6,1,3,5
20,3,7,1,3,5
20,3,8,1,3,5
20,3,9,0,3,5
20,3,10,0,3,5
20,4,1,0,3,5
20,4,2,0,3,5
20,4,3,0,3,5
20,4,4,0,3,5
20,4,5,0,3,5
20,4,6,0,3,5
20,4,7,0,3,5
20,4,8,0,3,5
20,4,9,0,3,5
20,4,10,0,3,5
20,5,1,0,3,5
20,5,2,0,3,5
20,5,3,0,3,5
20,5,4,0,3,5
20,5,5,0,3,5
20,5,6,0,3,5
20,5,7,0,3,5
20,5,8,0,3,5
20,5,9,0,3,5
20,5,10,0,3,5
20,6,1,0,3,5
20,6,2,0,3,5
20,6,3,0,3,5
20,6,4,0,3,5
20,6,5,0,3,5
20,6,6,0,3,5
20,6,7,0,3,5
20,6,8,0,3,5
20,6,9,0,3,5
20,6,10,0,3,5
20,7,1,0,3,5
20,7,2,0,3,5
20,7,3,0,3,5
20,7,4,0,3,5
20,7,5,0,3,5
20,7,6,0,3,5
20,7,7,0,3,5
20,7,8,0,3,5
20,7,9,0,3,5
20,7,10,0,3,5
20,8,1,0,3,5
20,8,2,0,3,5
20,8,3,0,3,5
20,8,4,0,3,5
20,8,5,0,3,5
20,8,6,0,3,5
20,8,7,0,3,5
20,8,8,0,3,5
20,8,9,0,3,5
20,8,10,0,3,5
20,9,1,0,3,5
20,9,2,0,3,5
20,9,3,0,3,5
20,9,4,0,3,5
20,9,5,0,3,5
20,9,6,0,3,5
20,9,7,0,3,5
20,9,8,0,3,5
20,9,9,0,3,5
20,9,10,0,3,5
20,10,1,0,3,5
20,10,2,0,3,5
20,10,3,0,3,5
20,10,4,0,3,5
20,10,5,0,3,5
20,10,6,0,3,5
20,10,7,0,3,5
20,10,8,0,3,5
20,10,9,0,3,5
20,10,10,0,3,5
21,1,1,0,3,6
21,1,2,0,3,6
21,1,3,1,3,6
21,1,4,0,3,6
21,1,5,0,3,6
21,1,6,1,3,6
21,1,7,0,3,6
21,1,8,0,3,6
21,1,9,0,3,6
21,1,10,0,3,6
21,2,1,0,3,6
21,2,2,0,3,6
21,2,3,0,3,6
21,2,4,1,3,6
21,2,5,1,3,6
21,2,6,1,3,6
21,2,7,0,3,6
21,2,8,0,3,6
21,2,9,0,3,6
21,2,10,0,3,6
21,3,1,0,3,6
21,3,2,0,3,6
21,3,3,0,3,6
21,3,4,1,3,6
21,3,5,0,3,6
21,3,6,0,3,6
21,3,7,1,3,6
21,3,8,1,3,6
21,3,9,0,3,6
21,3,10,0,3,6
21,4,1,0,3,6
21,4,2,0,3,6
21,4,3,1,3,6
21,4,4,0,3,6
21,4,5,1,3,6
21,4,6,0,3,6
21,4,7,1,3,6
21,4,8,1,3,6
21,4,9,0,3,6
21,4,10,0,3,6
21,5,1,0,3,6
21,5,2,0,3,6
21,5,3,0,3,6
21,5,4,0,3,6
21,5,5,0,3,6
21,5,6,0,3,6
21,5,7,0,3,6
21,5,8,0,3,6
21,5,9,0,3,6
21,5,10,0,3,6
21,6,1,0,3,6
21,6,2,0,3,6
21,6,3,0,3,6
21,6,4,0,3,6
21,6,5,0,3,6
21,6,6,0,3,6
21,6,7,0,3,6
21,6,8,0,3,6
21,6,9,0,3,6
21,6,10,0,3,6
21,7,1,0,3,6
21,7,2,0,3,6
21,7,3,0,3,6
21,7,4,0,3,6
21,7,5,0,3,6
21,7,6,0,3,6
21,7,7,0,3,6
21,7,8,0,3,6
21,7,9,0,3,6
21,7,10,0,3,6
21,8,1,0,3,6
21,8,2,0,3,6
21,8,3,0,3,6
21,8,4,0,3,6
21,8,5,0,3,6
21,8,6,0,3,6
21,8,7,0,3,6
21,8,8,0,3,6
21,8,9,0,3,6
21,8,10,0,3,6
21,9,1,0,3,6
21,9,2,0,3,6
21,9,3,0,3,6
21,9,4,0,3,6
21,9,5,0,3,6
21,9,6,0,3,6
21,9,7,0,3,6
21,9,8,0,3,6
21,9,9,0,3,6
21,9,10,0,3,6
21,10,1,0,3,6
21,10,2,0,3,6
21,10,3,0,3,6
21,10,4,0,3,6
21,10,5,0,3,6
21,10,6,0,3,6
21,10,7,0,3,6
21,10,8,0,3,6
21,10,9,0,3,6
21,10,10,0,3,6
22,1,1,0,3,7
22,1,2,0,3,7
22,1,3,0,3,7
22,1,4,1,3,7
22,1,5,0,3,7
22,1,6,0,3,7
22,1,7,1,3,7
22,1,8,0,3,7
22,1,9,0,3,7
22,1,10,0,3,7
22,2,1,0,3,7
22,2,2,0,3,7
22,2,3,1,3,7
22,2,4,0,3,7
22,2,5,1,3,7
22,2,6,0,3,7
22,2,7,1,3,7
22,2,8,0,3,7
22,2,9,0,3,7
22,2,10,0,3,7
22,3,1,0,3,7
22,3,2,0,3,7
22,3,3,1,3,7
22,3,4,0,3,7
22,3,5,0,3,7
22,3,6,1,3,7
22,3,7,0,3,7
22,3,8,1,3,7
22,3,9,0,3,7
22,3,10,0,3,7
22,4,1,0,3,7
22,4,2,0,3,7
22,4,3,0,3,7
22,4,4,1,3,7
22,4,5,1,3,7
22,4,6,1,3,7
22,4,7,0,3,7
22,4,8,1,3,7
22,4,9,0,3,7
22,4,10,0,3,7
22,5,1,0,3,7
22,5,2,0,3,7
22,5,3,0,3,7
22,5,4,0,3,7
22,5,5,0,3,7
22,5,6,0,3,7
22,5,7,0,3,7
22,5,8,0,3,7
22,5,9,0,3,7
22,5,10,0,3,7
22,6,1,0,3,7
22,6,2,0,3,7
22,6,3,0,3,7
22,6,4,0,3,7
22,6,5,0,3,7
22,6,6,0,3,7
22,6,7,0,3,7
22,6,8,0,3,7
22,6,9,0,3,7
22,6,10,0,3,7
22,7,1,0,3,7
22,7,2,0,3,7
22,7,3,0,3,7
22,7,4,0,3,7
22,7,5,0,3,7
22,7,6,0,3,7
22,7,7,0,3,7
22,7,8,0,3,7
22,7,9,0,3,7
22,7,10,0,3,7
22,8,1,0,3,7
22,8,2,0,3,7
22,8,3,0,3,7
22,8,4,0,3,7
22,8,5,0,3,7
22,8,6,0,3,7
22,8,7,0,3,7
22,8,8,0,3,7
22,8,9,0,3,7
22,8,10,0,3,7
22,9,1,0,3,7
22,9,2,0,3,7
22,9,3,0,3,7
22,9,4,0,3,7
22,9,5,0,3,7
22,9,6,0,3,7
22,9,7,0,3,7
22,9,8,0,3,7
22,9,9,0,3,7
22,9,10,0,3,7
22,10,1,0,3,7
22,10,2,0,3,7
22,10,3,0,3,7
22,10,4,0,3,7
22,10,5,0,3,7
22,10,6,0,3,7
22,10,7,0,3,7
22,10,8,0,3,7
22,10,9,0,3,7
22,10,10,0,3,7
23,1,1,0,3,9
23,1,2,0,3,9
23,1,3,0,3,9
23,1,4,1,3,9
23,1,5,0,3,9
23,1,6,0,3,9
23,1,7,1,3,9
23,1,8,0,3,9
23,1,9,0,3,9
23,1,10,1,3,9
23,2,1,0,3,9
23,2,2,0,3,9
23,2,3,1,3,9
23,2,4,0,3,9
23,2,5,1,3,9
23,2,6,0,3,9
23,2,7,1,3,9
23,2,8,0,3,9
23,2,9,0,3,9
23,2,10,1,3,9
23,3,1,0,3,9
23,3,2,0,3,9
23,3,3,1,3,9
23,3,4,0,3,9
23,3,5,0,3,9
23,3,6,1,3,9
23,3,7,0,3,9
23,3,8,1,3,9
23,3,9,0,3,9
23,3,10,1,3,9
23,4,1,0,3,9
23,4,2,0,3,9
23,4,3,0,3,9
23,4,4,1,3,9
23,4,5,1,3,9
23,4,6,1,3,9
23,4,7,0,3,9
23,4,8,1,3,9
23,4,9,0,3,9
23,4,10,1,3,9
23,5,1,0,3,9
23,5,2,0,3,9
23,5,3,0,3,9
23,5,4,0,3,9
23,5,5,0,3,9
23,5,6,0,3,9
23,5,7,0,3,9
23,5,8,0,3,9
23,5,9,0,3,9
23,5,10,0,3,9
23,6,1,0,3,9
23,6,2,0,3,9
23,6,3,0,3,9
23,6,4,0,3,9
23,6,5,0,3,9
23,6,6,0,3,9
23,6,7,0,3,9
23,6,8,0,3,9
23,6,9,0,3,9
23,6,10,0,3,9
23,7,1,0,3,9
23,7,2,0,3,9
23,7,3,0,3,9
23,7,4,0,3,9
23,7,5,0,3,9
23,7,6,0,3,9
23,7,7,0,3,9
23,7,8,0,3,9
23,7,9,0,3,9
23,7,10,0,3,9
23,8,1,0,3,9
23,8,2,0,3,9
23,8,3,0,3,9
23,8,4,0,3,9
23,8,5,0,3,9
23,8,6,0,3,9
23,8,7,0,3,9
23,8,8,0,3,9
23,8,9,0,3,9
23,8,10,0,3,9
23,9,1,0,3,9
23,9,2,0,3,9
23,9,3,0,3,9
23,9,4,0,3,9
23,9,5,0,3,9
23,9,6,0,3,9
23,9,7,0,3,9
23,9,8,0,3,9
23,9,9,0,3,9
23,9,10,0,3,9
23,10,1,0,3,9
23,10,2,0,3,9
23,10,3,0,3,9
23,10,4,0,3,9
23,10,5,0,3,9
23,10,6,0,3,9
23,10,7,0,3,9
23,10,8,0,3,9
23,10,9,0,3,9
23,10,10,0,3,9
24,1,1,1,4,1
24,1,2,0,4,1
24,1,3,1,4,1
24,1,4,0,4,1
24,1,5,0,4,1
24,1,6,0,4,1
24,1,7,0,4,1
24,1,8,0,4,1
24,1,9,0,4,1
24,1,10,0,4,1
24,2,1,1,4,1
24,2,2,0,4,1
24,2,3,0,4,1
24,2,4,1,4,1
24,2,5,1,4,1
24,2,6,0,4,1
24,2,7,0,4,1
24,2,8,0,4,1
24,2,9,0,4,1
24,2,10,0,4,1
24,3,1,1,4,1
24,3,2,0,4,1
24,3,3,0,4,1
24,3,4,1,4,1
24,3,5,0,4,1
24,3,6,1,4,1
24,3,7,1,4,1
24,3,8,1,4,1
24,3,9,0,4,1
24,3,10,0,4,1
24,4,1,0,4,1
24,4,2,0,4,1
24,4,3,0,4,1
24,4,4,0,4,1
24,4,5,0,4,1
24,4,6,0,4,1
24,4,7,0,4,1
24,4,8,0,4,1
24,4,9,0,4,1
24,4,10,0,4,1
24,5,1,0,4,1
24,5,2,0,4,1
24,5,3,0,4,1
24,5,4,0,4,1
24,5,5,0,4,1
24,5,6,0,4,1
24,5,7,0,4,1
24,5,8,0,4,1
24,5,9,0,4,1
24,5,10,0,4,1
24,6,1,0,4,1
24,6,2,0,4,1
24,6,3,0,4,1
24,6,4,0,4,1
24,6,5,0,4,1
24,6,6,0,4,1
24,6,7,0,4,1
24,6,8,0,4,1
24,6,9,0,4,1
24,6,10,0,4,1
24,7,1,0,4,1
24,7,2,0,4,1
24,7,3,0,4,1
24,7,4,0,4,1
24,7,5,0,4,1
24,7,6,0,4,1
24,7,7,0,4,1
24,7,8,0,4,1
24,7,9,0,4,1
24,7,10,0,4,1
24,8,1,0,4,1
24,8,2,0,4,1
24,8,3,0,4,1
24,8,4,0,4,1
24,8,5,0,4,1
24,8,6,0,4,1
24,8,7,0,4,1
24,8,8,0,4,1
24,8,9,0,4,1
24,8,10,0,4,1
24,9,1,0,4,1
24,9,2,0,4,1
24,9,3,0,4,1
24,9,4,0,4,1
24,9,5,0,4,1
24,9,6,0,4,1
24,9,7,0,4,1
24,9,8,0,4,1
24,9,9,0,4,1
24,9,10,0,4,1
24,10,1,0,4,1
24,10,2,0,4,1
24,10,3,0,4,1
24,10,4,0,4,1
24,10,5,0,4,1
24,10,6,0,4,1
24,10,7,0,4,1
24,10,8,0,4,1
24,10,9,0,4,1
24,10,10,0,4,1
25,1,1,0,4,2
25,1,2,1,4,2
25,1,3,1,4,2
25,1,4,0,4,2
25,1,5,0,4,2
25,1,6,0,4,2
25,1,7,0,4,2
25,1,8,0,4,2
25,1,9,0,4,2
25,1,10,0,4,2
25,2,1,0,4,2
25,2,2,1,4,2
25,2,3,0,4,2
25,2,4,1,4,2
25,2,5,1,4,2
25,2,6,0,4,2
25,2,7,0,4,2
25,2,8,0,4,2
25,2,9,0,4,2
25,2,10,0,4,2
25,3,1,0,4,2
25,3,2,1,4,2
25,3,3,0,4,2
25,3,4,1,4,2
25,3,5,0,4,2
25,3,6,1,4,2
25,3,7,1,4,2
25,3,8,1,4,2
25,3,9,0,4,2
25,3,10,0,4,2
25,4,1,0,4,2
25,4,2,0,4,2
25,4,3,0,4,2
25,4,4,0,4,2
25,4,5,0,4,2
25,4,6,0,4,2
25,4,7,0,4,2
25,4,8,0,4,2
25,4,9,0,4,2
25,4,10,0,4,2
25,5,1,0,4,2
25,5,2,0,4,2
25,5,3,0,4,2
25,5,4,0,4,2
25,5,5,0,4,2
25,5,6,0,4,2
25,5,7,0,4,2
25,5,8,0,4,2
25,5,9,0,4,2
25,5,10,0,4,2
25,6,1,0,4,2
25,6,2,0,4,2
25,6,3,0,4,2
25,6,4,0,4,2
25,6,5,0,4,2
25,6,6,0,4,2
25,6,7,0,4,2
25,6,8,0,4,2
25,6,9,0,4,2
25,6,10,0,4,2
25,7,1,0,4,2
25,7,2,0,4,2
25,7,3,0,4,2
25,7,4,0,4,2
25,7,5,0,4,2
25,7,6,0,4,2
25,7,7,0,4,2
25,7,8,0,4,2
25,7,9,0,4,2
25,7,10,0,4,2
25,8,1,0,4,2
25,8,2,0,4,2
25,8,3,0,4,2
25,8,4,0,4,2
25,8,5,0,4,2
25,8,6,0,4,2
25,8,7,0,4,2
25,8,8,0,4,2
25,8,9,0,4,2
25,8,10,0,4,2
25,9,1,0,4,2
25,9,2,0,4,2
25,9,3,0,4,2
25,9,4,0,4,2
25,9,5,0,4,2
25,9,6,0,4,2
25,9,7,0,4,2
25,9,8,0,4,2
25,9,9,0,4,2
25,9,10,0,4,2
25,10,1,0,4,2
25,10,2,0,4,2
25,10,3,0,4,2
25,10,4,0,4,2
25,10,5,0,4,2
25,10,6,0,4,2
25,10,7,0,4,2
25,10,8,0,4,2
25,10,9,0,4,2
25,10,10,0,4,2
26,1,1,0,4,3
26,1,2,0,4,3
26,1,3,1,4,3
26,1,4,0,4,3
26,1,5,0,4,3
26,1,6,0,4,3
26,1,7,0,4,3
26,1,8,0,4,3
26,1,9,0,4,3
26,1,10,0,4,3
26,2,1,0,4,3
26,2,2,0,4,3
26,2,3,0,4,3
26,2,4,1,4,3
26,2,5,1,4,3
26,2,6,0,4,3
26,2,7,0,4,3
26,2,8,0,4,3
26,2,9,0,4,3
26,2,10,0,4,3
26,3,1,0,4,3
26,3,2,0,4,3
26,3,3,0,4,3
26,3,4,1,4,3
26,3,5,0,4,3
26,3,6,1,4,3
26,3,7,1,4,3
26,3,8,1,4,3
26,3,9,0,4,3
26,3,10,0,4,3
26,4,1,0,4,3
26,4,2,0,4,3
26,4,3,0,4,3
26,4,4,0,4,3
26,4,5,0,4,3
26,4,6,0,4,3
26,4,7,0,4,3
26,4,8,0,4,3
26,4,9,0,4,3
26,4,10,0,4,3
26,5,1,0,4,3
26,5,2,0,4,3
26,5,3,0,4,3
26,5,4,0,4,3
26,5,5,0,4,3
26,5,6,0,4,3
26,5,7,0,4,3
26,5,8,0,4,3
26,5,9,0,4,3
26,5,10,0,4,3
26,6,1,0,4,3
26,6,2,0,4,3
26,6,3,0,4,3
26,6,4,0,4,3
26,6,5,0,4,3
26,6,6,0,4,3
26,6,7,0,4,3
26,6,8,0,4,3
26,6,9,0,4,3
26,6,10,0,4,3
26,7,1,0,4,3
26,7,2,0,4,3
26,7,3,0,4,3
26,7,4,0,4,3
26,7,5,0,4,3
26,7,6,0,4,3
26,7,7,0,4,3
26,7,8,0,4,3
26,7,9,0,4,3
26,7,10,0,4,3
26,8,1,0,4,3
26,8,2,0,4,3
26,8,3,0,4,3
26,8,4,0,4,3
26,8,5,0,4,3
26,8,6,0,4,3
26,8,7,0,4,3
26,8,8,0,4,3
26,8,9,0,4,3
26,8,10,0,4,3
26,9,1,0,4,3
26,9,2,0,4,3
26,9,3,0,4,3
26,9,4,0,4,3
26,9,5,0,4,3
26,9,6,0,4,3
26,9,7,0,4,3
26,9,8,0,4,3
26,9,9,0,4,3
26,9,10,0,4,3
26,10,1,0,4,3
26,10,2,0,4,3
26,10,3,0,4,3
26,10,4,0,4,3
26,10,5,0,4,3
26,10,6,0,4,3
26,10,7,0,4,3
26,10,8,0,4,3
26,10,9,0,4,3
26,10,10,0,4,3
27,1,1,0,4,6
27,1,2,0,4,6
27,1,3,0,4,6
27,1,4,0,4,6
27,1,5,0,4,6
27,1,6,1,4,6
27,1,7,0,4,6
27,1,8,0,4,6
27,1,9,0,4,6
27,1,10,0,4,6
27,2,1,0,4,6
27,2,2,0,4,6
27,2,3,0,4,6
27,2,4,0,4,6
27,2,5,1,4,6
27,2,6,0,4,6
27,2,7,1,4,6
27,2,8,1,4,6
27,2,9,0,4,6
27,2,10,0,4,6
27,3,1,0,4,6
27,3,2,0,4,6
27,3,3,1,4,6
27,3,4,1,4,6
27,3,5,0,4,6
27,3,6,0,4,6
27,3,7,1,4,6
27,3,8,1,4,6
27,3,9,0,4,6
27,3,10,0,4,6
27,4,1,0,4,6
27,4,2,0,4,6
27,4,3,0,4,6
27,4,4,0,4,6
27,4,5,0,4,6
27,4,6,0,4,6
27,4,7,0,4,6
27,4,8,0,4,6
27,4,9,0,4,6
27,4,10,0,4,6
27,5,1,0,4,6
27,5,2,0,4,6
27,5,3,0,4,6
27,5,4,0,4,6
27,5,5,0,4,6
27,5,6,0,4,6
27,5,7,0,4,6
27,5,8,0,4,6
27,5,9,0,4,6
27,5,10,0,4,6
27,6,1,0,4,6
27,6,2,0,4,6
27,6,3,0,4,6
27,6,4,0,4,6
27,6,5,0,4,6
27,6,6,0,4,6
27,6,7,0,4,6
27,6,8,0,4,6
27,6,9,0,4,6
27,6,10,0,4,6
27,7,1,0,4,6
27,7,2,0,4,6
27,7,3,0,4,6
27,7,4,0,4,6
27,7,5,0,4,6
27,7,6,0,4,6
27,7,7,0,4,6
27,7,8,0,4,6
27,7,9,0,4,6
27,7,10,0,4,6
27,8,1,0,4,6
27,8,2,0,4,6
27,8,3,0,4,6
27,8,4,0,4,6
27,8,5,0,4,6
27,8,6,0,4,6
27,8,7,0,4,6
27,8,8,0,4,6
27,8,9,0,4,6
27,8,10,0,4,6
27,9,1,0,4,6
27,9,2,0,4,6
27,9,3,0,4,6
27,9,4,0,4,6
27,9,5,0,4,6
27,9,6,0,4,6
27,9,7,0,4,6
27,9,8,0,4,6
27,9,9,0,4,6
27,9,10,0,4,6
27,10,1,0,4,6
27,10,2,0,4,6
27,10,3,0,4,6
27,10,4,0,4,6
27,10,5,0,4,6
27,10,6,0,4,6
27,10,7,0,4,6
27,10,8,0,4,6
27,10,9,0,4,6
27,10,10,0,4,6
28,1,1,0,4,7
28,1,2,0,4,7
28,1,3,0,4,7
28,1,4,0,4,7
28,1,5,1,4,7
28,1,6,0,4,7
28,1,7,1,4,7
28,1,8,0,4,7
28,1,9,0,4,7
28,1,10,0,4,7
28,2,1,0,4,7
28,2,2,0,4,7
28,2,3,0,4,7
28,2,4,0,4,7
28,2,5,0,4,7
28,2,6,1,4,7
28,2,7,0,4,7
28,2,8,1,4,7
28,2,9,0,4,7
28,2,10,0,4,7
28,3,1,0,4,7
28,3,2,0,4,7
28,3,3,1,4,7
28,3,4,1,4,7
28,3,5,0,4,7
28,3,6,0,4,7
28,3,7,1,4,7
28,3,8,0,4,7
28,3,9,0,4,7
28,3,10,0,4,7
28,4,1,0,4,7
28,4,2,0,4,7
28,4,3,0,4,7
28,4,4,0,4,7
28,4,5,0,4,7
28,4,6,0,4,7
28,4,7,0,4,7
28,4,8,0,4,7
28,4,9,0,4,7
28,4,10,0,4,7
28,5,1,0,4,7
28,5,2,0,4,7
28,5,3,0,4,7
28,5,4,0,4,7
28,5,5,0,4,7
28,5,6,0,4,7
28,5,7,0,4,7
28,5,8,0,4,7
28,5,9,0,4,7
28,5,10,0,4,7
28,6,1,0,4,7
28,6,2,0,4,7
28,6,3,0,4,7
28,6,4,0,4,7
28,6,5,0,4,7
28,6,6,0,4,7
28,6,7,0,4,7
28,6,8,0,4,7
28,6,9,0,4,7
28,6,10,0,4,7
28,7,1,0,4,7
28,7,2,0,4,7
28,7,3,0,4,7
28,7,4,0,4,7
28,7,5,0,4,7
28,7,6,0,4,7
28,7,7,0,4,7
28,7,8,0,4,7
28,7,9,0,4,7
28,7,10,0,4,7
28,8,1,0,4,7
28,8,2,0,4,7
28,8,3,0,4,7
28,8,4,0,4,7
28,8,5,0,4,7
28,8,6,0,4,7
28,8,7,0,4,7
28,8,8,0,4,7
28,8,9,0,4,7
28,8,10,0,4,7
28,9,1,0,4,7
28,9,2,0,4,7
28,9,3,0,4,7
28,9,4,0,4,7
28,9,5,0,4,7
28,9,6,0,4,7
28,9,7,0,4,7
28,9,8,0,4,7
28,9,9,0,4,7
28,9,10,0,4,7
28,10,1,0,4,7
28,10,2,0,4,7
28,10,3,0,4,7
28,10,4,0,4,7
28,10,5,0,4,7
28,10,6,0,4,7
28,10,7,0,4,7
28,10,8,0,4,7
28,10,9,0,4,7
28,10,10,0,4,7
29,1,1,0,4,8
29,1,2,0,4,8
29,1,3,0,4,8
29,1,4,0,4,8
29,1,5,0,4,8
29,1,6,1,4,8
29,1,7,0,4,8
29,1,8,0,4,8
29,1,9,1,4,8
29,1,10,0,4,8
29,2,1,0,4,8
29,2,2,0,4,8
29,2,3,0,4,8
29,2,4,0,4,8
29,2,5,1,4,8
29,2,6,0,4,8
29,2,7,1,4,8
29,2,8,1,4,8
29,2,9,1,4,8
29,2,10,0,4,8
29,3,1,0,4,8
29,3,2,0,4,8
29,3,3,1,4,8
29,3,4,1,4,8
29,3,5,0,4,8
29,3,6,0,4,8
29,3,7,1,4,8
29,3,8,1,4,8
29,3,9,1,4,8
29,3,10,0,4,8
29,4,1,0,4,8
29,4,2,0,4,8
29,4,3,0,4,8
29,4,4,0,4,8
29,4,5,0,4,8
29,4,6,0,4,8
29,4,7,0,4,8
29,4,8,0,4,8
29,4,9,0,4,8
29,4,10,0,4,8
29,5,1,0,4,8
29,5,2,0,4,8
29,5,3,0,4,8
29,5,4,0,4,8
29,5,5,0,4,8
29,5,6,0,4,8
29,5,7,0,4,8
29,5,8,0,4,8
29,5,9,0,4,8
29,5,10,0,4,8
29,6,1,0,4,8
29,6,2,0,4,8
29,6,3,0,4,8
29,6,4,0,4,8
29,6,5,0,4,8
29,6,6,0,4,8
29,6,7,0,4,8
29,6,8,0,4,8
29,6,9,0,4,8
29,6,10,0,4,8
29,7,1,0,4,8
29,7,2,0,4,8
29,7,3,0,4,8
29,7,4,0,4,8
29,7,5,0,4,8
29,7,6,0,4,8
29,7,7,0,4,8
29,7,8,0,4,8
29,7,9,0,4,8
29,7,10,0,4,8
29,8,1,0,4,8
29,8,2,0,4,8
29,8,3,0,4,8
29,8,4,0,4,8
29,8,5,0,4,8
29,8,6,0,4,8
29,8,7,0,4,8
29,8,8,0,4,8
29,8,9,0,4,8
29,8,10,0,4,8
29,9,1,0,4,8
29,9,2,0,4,8
29,9,3,0,4,8
29,9,4,0,4,8
29,9,5,0,4,8
29,9,6,0,4,8
29,9,7,0,4,8
29,9,8,0,4,8
29,9,9,0,4,8
29,9,10,0,4,8
29,10,1,0,4,8
29,10,2,0,4,8
29,10,3,0,4,8
29,10,4,0,4,8
29,10,5,0,4,8
29,10,6,0,4,8
29,10,7,0,4,8
29,10,8,0,4,8
29,10,9,0,4,8
29,10,10,0,4,8
30,1,1,0,4,9
30,1,2,0,4,9
30,1,3,0,4,9
30,1,4,0,4,9
30,1,5,1,4,9
30,1,6,0,4,9
30,1,7,1,4,9
30,1,8,0,4,9
30,1,9,0,4,9
30,1,10,1,4,9
30,2,1,0,4,9
30,2,2,0,4,9
30,2,3,0,4,9
30,2,4,0,4,9
30,2,5,0,4,9
30,2,6,1,4,9
30,2,7,0,4,9
30,2,8,1,4,9
30,2,9,0,4,9
30,2,10,1,4,9
30,3,1,0,4,9
30,3,2,0,4,9
30,3,3,1,4,9
30,3,4,1,4,9
30,3,5,0,4,9
30,3,6,0,4,9
30,3,7,1,4,9
30,3,8,0,4,9
30,3,9,0,4,9
30,3,10,1,4,9
30,4,1,0,4,9
30,4,2,0,4,9
30,4,3,0,4,9
30,4,4,0,4,9
30,4,5,0,4,9
30,4,6,0,4,9
30,4,7,0,4,9
30,4,8,0,4,9
30,4,9,0,4,9
30,4,10,0,4,9
30,5,1,0,4,9
30,5,2,0,4,9
30,5,3,0,4,9
30,5,4,0,4,9
30,5,5,0,4,9
30,5,6,0,4,9
30,5,7,0,4,9
30,5,8,0,4,9
30,5,9,0,4,9
30,5,10,0,4,9
30,6,1,0,4,9
30,6,2,0,4,9
30,6,3,0,4,9
30,6,4,0,4,9
30,6,5,0,4,9
30,6,6,0,4,9
30,6,7,0,4,9
30,6,8,0,4,9
30,6,9,0,4,9
30,6,10,0,4,9
30,7,1,0,4,9
30,7,2,0,4,9
30,7,3,0,4,9
30,7,4,0,4,9
30,7,5,0,4,9
30,7,6,0,4,9
30,7,7,0,4,9
30,7,8,0,4,9
30,7,9,0,4,9
30,7,10,0,4,9
30,8,1,0,4,9
30,8,2,0,4,9
30,8,3,0,4,9
30,8,4,0,4,9
30,8,5,0,4,9
30,8,6,0,4,9
30,8,7,0,4,9
30,8,8,0,4,9
30,8,9,0,4,9
30,8,10,0,4,9
30,9,1,0,4,9
30,9,2,0,4,9
30,9,3,0,4,9
30,9,4,0,4,9
30,9,5,0,4,9
30,9,6,0,4,9
30,9,7,0,4,9
30,9,8,0,4,9
30,9,9,0,4,9
30,9,10,0,4,9
30,10,1,0,4,9
30,10,2,0,4,9
30,10,3,0,4,9
30,10,4,0,4,9
30,10,5,0,4,9
30,10,6,0,4,9
30,10,7,0,4,9
30,10,8,0,4,9
30,10,9,0,4,9
30,10,10,0,4,9
31,1,1,1,5,1
31,1,2,0,5,1
31,1,3,0,5,1
31,1,4,1,5,1
31,1,5,0,5,1
31,1,6,0,5,1
31,1,7,0,5,1
31,1,8,0,5,1
31,1,9,0,5,1
31,1,10,0,5,1
31,2,1,1,5,1
31,2,2,0,5,1
31,2,3,1,5,1
31,2,4,0,5,1
31,2,5,1,5,1
31,2,6,0,5,1
31,2,7,0,5,1
31,2,8,0,5,1
31,2,9,0,5,1
31,2,10,0,5,1
31,3,1,1,5,1
31,3,2,0,5,1
31,3,3,1,5,1
31,3,4,0,5,1
31,3,5,0,5,1
31,3,6,1,5,1
31,3,7,1,5,1
31,3,8,1,5,1
31,3,9,0,5,1
31,3,10,0,5,1
31,4,1,0,5,1
31,4,2,0,5,1
31,4,3,0,5,1
31,4,4,0,5,1
31,4,5,0,5,1
31,4,6,0,5,1
31,4,7,0,5,1
31,4,8,0,5,1
31,4,9,0,5,1
31,4,10,0,5,1
31,5,1,0,5,1
31,5,2,0,5,1
31,5,3,0,5,1
31,5,4,0,5,1
31,5,5,0,5,1
31,5,6,0,5,1
31,5,7,0,5,1
31,5,8,0,5,1
31,5,9,0,5,1
31,5,10,0,5,1
31,6,1,0,5,1
31,6,2,0,5,1
31,6,3,0,5,1
31,6,4,0,5,1
31,6,5,0,5,1
31,6,6,0,5,1
31,6,7,0,5,1
31,6,8,0,5,1
31,6,9,0,5,1
31,6,10,0,5,1
31,7,1,0,5,1
31,7,2,0,5,1
31,7,3,0,5,1
31,7,4,0,5,1
31,7,5,0,5,1
31,7,6,0,5,1
31,7,7,0,5,1
31,7,8,0,5,1
31,7,9,0,5,1
31,7,10,0,5,1
31,8,1,0,5,1
31,8,2,0,5,1
31,8,3,0,5,1
31,8,4,0,5,1
31,8,5,0,5,1
31,8,6,0,5,1
31,8,7,0,5,1
31,8,8,0,5,1
31,8,9,0,5,1
31,8,10,0,5,1
31,9,1,0,5,1
31,9,2,0,5,1
31,9,3,0,5,1
31,9,4,0,5,1
31,9,5,0,5,1
31,9,6,0,5,1
31,9,7,0,5,1
31,9,8,0,5,1
31,9,9,0,5,1
31,9,10,0,5,1
31,10,1,0,5,1
31,10,2,0,5,1
31,10,3,0,5,1
31,10,4,0,5,1
31,10,5,0,5,1
31,10,6,0,5,1
31,10,7,0,5,1
31,10,8,0,5,1
31,10,9,0,5,1
31,10,10,0,5,1
32,1,1,0,5,2
32,1,2,1,5,2
32,1,3,0,5,2
32,1,4,1,5,2
32,1,5,0,5,2
32,1,6,0,5,2
32,1,7,0,5,2
32,1,8,0,5,2
32,1,9,0,5,2
32,1,10,0,5,2
32,2,1,0,5,2
32,2,2,1,5,2
32,2,3,1,5,2
32,2,4,0,5,2
32,2,5,1,5,2
32,2,6,0,5,2
32,2,7,0,5,2
32,2,8,0,5,2
32,2,9,0,5,2
32,2,10,0,5,2
32,3,1,0,5,2
32,3,2,1,5,2
32,3,3,1,5,2
32,3,4,0,5,2
32,3,5,0,5,2
32,3,6,1,5,2
32,3,7,1,5,2
32,3,8,1,5,2
32,3,9,0,5,2
32,3,10,0,5,2
32,4,1,0,5,2
32,4,2,0,5,2
32,4,3,0,5,2
32,4,4,0,5,2
32,4,5,0,5,2
32,4,6,0,5,2
32,4,7,0,5,2
32,4,8,0,5,2
32,4,9,0,5,2
32,4,10,0,5,2
32,5,1,0,5,2
32,5,2,0,5,2
32,5,3,0,5,2
32,5,4,0,5,2
32,5,5,0,5,2
32,5,6,0,5,2
32,5,7,0,5,2
32,5,8,0,5,2
32,5,9,0,5,2
32,5,10,0,5,2
32,6,1,0,5,2
32,6,2,0,5,2
32,6,3,0,5,2
32,6,4,0,5,2
32,6,5,0,5,2
32,6,6,0,5,2
32,6,7,0,5,2
32,6,8,0,5,2
32,6,9,0,5,2
32,6,10,0,5,2
32,7,1,0,5,2
32,7,2,0,5,2
32,7,3,0,5,2
32,7,4,0,5,2
32,7,5,0,5,2
32,7,6,0,5,2
32,7,7,0,5,2
32,7,8,0,5,2
32,7,9,0,5,2
32,7,10,0,5,2
32,8,1,0,5,2
32,8,2,0,5,2
32,8,3,0,5,2
32,8,4,0,5,2
32,8,5,0,5,2
32,8,6,0,5,2
32,8,7,0,5,2
32,8,8,0,5,2
32,8,9,0,5,2
32,8,10,0,5,2
32,9,1,0,5,2
32,9,2,0,5,2
32,9,3,0,5,2
32,9,4,0,5,2
32,9,5,0,5,2
32,9,6,0,5,2
32,9,7,0,5,2
32,9,8,0,5,2
32,9,9,0,5,2
32,9,10,0,5,2
32,10,1,0,5,2
32,10,2,0,5,2
32,10,3,0,5,2
32,10,4,0,5,2
32,10,5,0,5,2
32,10,6,0,5,2
32,10,7,0,5,2
32,10,8,0,5,2
32,10,9,0,5,2
32,10,10,0,5,2
33,1,1,0,5,3
33,1,2,0,5,3
33,1,3,0,5,3
33,1,4,1,5,3
33,1,5,0,5,3
33,1,6,0,5,3
33,1,7,0,5,3
33,1,8,0,5,3
33,1,9,0,5,3
33,1,10,0,5,3
33,2,1,0,5,3
33,2,2,0,5,3
33,2,3,1,5,3
33,2,4,0,5,3
33,2,5,1,5,3
33,2,6,0,5,3
33,2,7,0,5,3
33,2,8,0,5,3
33,2,9,0,5,3
33,2,10,0,5,3
33,3,1,0,5,3
33,3,2,0,5,3
33,3,3,1,5,3
33,3,4,0,5,3
33,3,5,0,5,3
33,3,6,1,5,3
33,3,7,1,5,3
33,3,8,1,5,3
33,3,9,0,5,3
33,3,10,0,5,3
33,4,1,0,5,3
33,4,2,0,5,3
33,4,3,0,5,3
33,4,4,0,5,3
33,4,5,0,5,3
33,4,6,0,5,3
33,4,7,0,5,3
33,4,8,0,5,3
33,4,9,0,5,3
33,4,10,0,5,3
33,5,1,0,5,3
33,5,2,0,5,3
33,5,3,0,5,3
33,5,4,0,5,3
33,5,5,0,5,3
33,5,6,0,5,3
33,5,7,0,5,3
33,5,8,0,5,3
33,5,9,0,5,3
33,5,10,0,5,3
33,6,1,0,5,3
33,6,2,0,5,3
33,6,3,0,5,3
33,6,4,0,5,3
33,6,5,0,5,3
33,6,6,0,5,3
33,6,7,0,5,3
33,6,8,0,5,3
33,6,9,0,5,3
33,6,10,0,5,3
33,7,1,0,5,3
33,7,2,0,5,3
33,7,3,0,5,3
33,7,4,0,5,3
33,7,5,0,5,3
33,7,6,0,5,3
33,7,7,0,5,3
33,7,8,0,5,3
33,7,9,0,5,3
33,7,10,0,5,3
33,8,1,0,5,3
33,8,2,0,5,3
33,8,3,0,5,3
33,8,4,0,5,3
33,8,5,0,5,3
33,8,6,0,5,3
33,8,7,0,5,3
33,8,8,0,5,3
33,8,9,0,5,3
33,8,10,0,5,3
33,9,1,0,5,3
33,9,2,0,5,3
33,9,3,0,5,3
33,9,4,0,5,3
33,9,5,0,5,3
33,9,6,0,5,3
33,9,7,0,5,3
33,9,8,0,5,3
33,9,9,0,5,3
33,9,10,0,5,3
33,10,1,0,5,3
33,10,2,0,5,3
33,10,3,0,5,3
33,10,4,0,5,3
33,10,5,0,5,3
33,10,6,0,5,3
33,10,7,0,5,3
33,10,8,0,5,3
33,10,9,0,5,3
33,10,10,0,5,3
34,1,1,0,5,4
34,1,2,0,5,4
34,1,3,0,5,4
34,1,4,0,5,4
34,1,5,1,5,4
34,1,6,0,5,4
34,1,7,0,5,4
34,1,8,0,5,4
34,1,9,0,5,4
34,1,10,0,5,4
34,2,1,0,5,4
34,2,2,0,5,4
34,2,3,1,5,4
34,2,4,1,5,4
34,2,5,0,5,4
34,2,6,0,5,4
34,2,7,0,5,4
34,2,8,0,5,4
34,2,9,0,5,4
34,2,10,0,5,4
34,3,1,0,5,4
34,3,2,0,5,4
34,3,3,0,5,4
34,3,4,0,5,4
34,3,5,0,5,4
34,3,6,1,5,4
34,3,7,1,5,4
34,3,8,1,5,4
34,3,9,0,5,4
34,3,10,0,5,4
34,4,1,0,5,4
34,4,2,0,5,4
34,4,3,0,5,4
34,4,4,0,5,4
34,4,5,0,5,4
34,4,6,0,5,4
34,4,7,0,5,4
34,4,8,0,5,4
34,4,9,0,5,4
34,4,10,0,5,4
34,5,1,0,5,4
34,5,2,0,5,4
34,5,3,0,5,4
34,5,4,0,5,4
34,5,5,0,5,4
34,5,6,0,5,4
34,5,7,0,5,4
34,5,8,0,5,4
34,5,9,0,5,4
34,5,10,0,5,4
34,6,1,0,5,4
34,6,2,0,5,4
34,6,3,0,5,4
34,6,4,0,5,4
34,6,5,0,5,4
34,6,6,0,5,4
34,6,7,0,5,4
34,6,8,0,5,4
34,6,9,0,5,4
34,6,10,0,5,4
34,7,1,0,5,4
34,7,2,0,5,4
34,7,3,0,5,4
34,7,4,0,5,4
34,7,5,0,5,4
34,7,6,0,5,4
34,7,7,0,5,4
34,7,8,0,5,4
34,7,9,0,5,4
34,7,10,0,5,4
34,8,1,0,5,4
34,8,2,0,5,4
34,8,3,0,5,4
34,8,4,0,5,4
34,8,5,0,5,4
34,8,6,0,5,4
34,8,7,0,5,4
34,8,8,0,5,4
34,8,9,0,5,4
34,8,10,0,5,4
34,9,1,0,5,4
34,9,2,0,5,4
34,9,3,0,5,4
34,9,4,0,5,4
34,9,5,0,5,4
34,9,6,0,5,4
34,9,7,0,5,4
34,9,8,0,5,4
34,9,9,0,5,4
34,9,10,0,5,4
34,10,1,0,5,4
34,10,2,0,5,4
34,10,3,0,5,4
34,10,4,0,5,4
34,10,5,0,5,4
34,10,6,0,5,4
34,10,7,0,5,4
34,10,8,0,5,4
34,10,9,0,5,4
34,10,10,0,5,4
35,1,1,0,5,6
35,1,2,0,5,6
35,1,3,0,5,6
35,1,4,0,5,6
35,1,5,1,5,6
35,1,6,1,5,6
35,1,7,0,5,6
35,1,8,0,5,6
35,1,9,0,5,6
35,1,10,0,5,6
35,2,1,0,5,6
35,2,2,0,5,6
35,2,3,0,5,6
35,2,4,0,5,6
35,2,5,0,5,6
35,2,6,0,5,6
35,2,7,1,5,6
35,2,8,1,5,6
35,2,9,0,5,6
35,2,10,0,5,6
35,3,1,0,5,6
35,3,2,0,5,6
35,3,3,1,5,6
35,3,4,1,5,6
35,3,5,0,5,6
35,3,6,1,5,6
35,3,7,0,5,6
35,3,8,0,5,6
35,3,9,0,5,6
35,3,10,0,5,6
35,4,1,0,5,6
35,4,2,0,5,6
35,4,3,0,5,6
35,4,4,0,5,6
35,4,5,0,5,6
35,4,6,0,5,6
35,4,7,0,5,6
35,4,8,0,5,6
35,4,9,0,5,6
35,4,10,0,5,6
35,5,1,0,5,6
35,5,2,0,5,6
35,5,3,0,5,6
35,5,4,0,5,6
35,5,5,0,5,6
35,5,6,0,5,6
35,5,7,0,5,6
35,5,8,0,5,6
35,5,9,0,5,6
35,5,10,0,5,6
35,6,1,0,5,6
35,6,2,0,5,6
35,6,3,0,5,6
35,6,4,0,5,6
35,6,5,0,5,6
35,6,6,0,5,6
35,6,7,0,5,6
35,6,8,0,5,6
35,6,9,0,5,6
35,6,10,0,5,6
35,7,1,0,5,6
35,7,2,0,5,6
35,7,3,0,5,6
35,7,4,0,5,6
35,7,5,0,5,6
35,7,6,0,5,6
35,7,7,0,5,6
35,7,8,0,5,6
35,7,9,0,5,6
35,7,10,0,5,6
35,8,1,0,5,6
35,8,2,0,5,6
35,8,3,0,5,6
35,8,4,0,5,6
35,8,5,0,5,6
35,8,6,0,5,6
35,8,7,0,5,6
35,8,8,0,5,6
35,8,9,0,5,6
35,8,10,0,5,6
35,9,1,0,5,6
35,9,2,0,5,6
35,9,3,0,5,6
35,9,4,0,5,6
35,9,5,0,5,6
35,9,6,0,5,6
35,9,7,0,5,6
35,9,8,0,5,6
35,9,9,0,5,6
35,9,10,0,5,6
35,10,1,0,5,6
35,10,2,0,5,6
35,10,3,0,5,6
35,10,4,0,5,6
35,10,5,0,5,6
35,10,6,0,5,6
35,10,7,0,5,6
35,10,8,0,5,6
35,10,9,0,5,6
35,10,10,0,5,6
36,1,1,0,5,7
36,1,2,0,5,7
36,1,3,0,5,7
36,1,4,0,5,7
36,1,5,0,5,7
36,1,6,0,5,7
36,1,7,1,5,7
36,1,8,0,5,7
36,1,9,0,5,7
36,1,10,0,5,7
36,2,1,0,5,7
36,2,2,0,5,7
36,2,3,0,5,7
36,2,4,0,5,7
36,2,5,1,5,7
36,2,6,1,5,7
36,2,7,0,5,7
36,2,8,1,5,7
36,2,9,0,5,7
36,2,10,0,5,7
36,3,1,0,5,7
36,3,2,0,5,7
36,3,3,1,5,7
36,3,4,1,5,7
36,3,5,0,5,7
36,3,6,1,5,7
36,3,7,0,5,7
36,3,8,1,5,7
36,3,9,0,5,7
36,3,10,0,5,7
36,4,1,0,5,7
36,4,2,0,5,7
36,4,3,0,5,7
36,4,4,0,5,7
36,4,5,0,5,7
36,4,6,0,5,7
36,4,7,0,5,7
36,4,8,0,5,7
36,4,9,0,5,7
36,4,10,0,5,7
36,5,1,0,5,7
36,5,2,0,5,7
36,5,3,0,5,7
36,5,4,0,5,7
36,5,5,0,5,7
36,5,6,0,5,7
36,5,7,0,5,7
36,5,8,0,5,7
36,5,9,0,5,7
36,5,10,0,5,7
36,6,1,0,5,7
36,6,2,0,5,7
36,6,3,0,5,7
36,6,4,0,5,7
36,6,5,0,5,7
36,6,6,0,5,7
36,6,7,0,5,7
36,6,8,0,5,7
36,6,9,0,5,7
36,6,10,0,5,7
36,7,1,0,5,7
36,7,2,0,5,7
36,7,3,0,5,7
36,7,4,0,5,7
36,7,5,0,5,7
36,7,6,0,5,7
36,7,7,0,5,7
36,7,8,0,5,7
36,7,9,0,5,7
36,7,10,0,5,7
36,8,1,0,5,7
36,8,2,0,5,7
36,8,3,0,5,7
36,8,4,0,5,7
36,8,5,0,5,7
36,8,6,0,5,7
36,8,7,0,5,7
36,8,8,0,5,7
36,8,9,0,5,7
36,8,10,0,5,7
36,9,1,0,5,7
36,9,2,0,5,7
36,9,3,0,5,7
36,9,4,0,5,7
36,9,5,0,5,7
36,9,6,0,5,7
36,9,7,0,5,7
36,9,8,0,5,7
36,9,9,0,5,7
36,9,10,0,5,7
36,10,1,0,5,7
36,10,2,0,5,7
36,10,3,0,5,7
36,10,4,0,5,7
36,10,5,0,5,7
36,10,6,0,5,7
36,10,7,0,5,7
36,10,8,0,5,7
36,10,9,0,5,7
36,10,10,0,5,7
37,1,1,0,5,8
37,1,2,0,5,8
37,1,3,0,5,8
37,1,4,0,5,8
37,1,5,1,5,8
37,1,6,1,5,8
37,1,7,0,5,8
37,1,8,0,5,8
37,1,9,1,5,8
37,1,10,0,5,8
37,2,1,0,5,8
37,2,2,0,5,8
37,2,3,0,5,8
37,2,4,0,5,8
37,2,5,0,5,8
37,2,6,0,5,8
37,2,7,1,5,8
37,2,8,1,5,8
37,2,9,1,5,8
37,2,10,0,5,8
37,3,1,0,5,8
37,3,2,0,5,8
37,3,3,1,5,8
37,3,4,1,5,8
37,3,5,0,5,8
37,3,6,1,5,8
37,3,7,0,5,8
37,3,8,0,5,8
37,3,9,1,5,8
37,3,10,0,5,8
37,4,1,0,5,8
37,4,2,0,5,8
37,4,3,0,5,8
37,4,4,0,5,8
37,4,5,0,5,8
37,4,6,0,5,8
37,4,7,0,5,8
37,4,8,0,5,8
37,4,9,0,5,8
37,4,10,0,5,8
37,5,1,0,5,8
37,5,2,0,5,8
37,5,3,0,5,8
37,5,4,0,5,8
37,5,5,0,5,8
37,5,6,0,5,8
37,5,7,0,5,8
37,5,8,0,5,8
37,5,9,0,5,8
37,5,10,0,5,8
37,6,1,0,5,8
37,6,2,0,5,8
37,6,3,0,5,8
37,6,4,0,5,8
37,6,5,0,5,8
37,6,6,0,5,8
37,6,7,0,5,8
37,6,8,0,5,8
37,6,9,0,5,8
37,6,10,0,5,8
37,7,1,0,5,8
37,7,2,0,5,8
37,7,3,0,5,8
37,7,4,0,5,8
37,7,5,0,5,8
37,7,6,0,5,8
37,7,7,0,5,8
37,7,8,0,5,8
37,7,9,0,5,8
37,7,10,0,5,8
37,8,1,0,5,8
37,8,2,0,5,8
37,8,3,0,5,8
37,8,4,0,5,8
37,8,5,0,5,8
37,8,6,0,5,8
37,8,7,0,5,8
37,8,8,0,5,8
37,8,9,0,5,8
37,8,10,0,5,8
37,9,1,0,5,8
37,9,2,0,5,8
37,9,3,0,5,8
37,9,4,0,5,8
37,9,5,0,5,8
37,9,6,0,5,8
37,9,7,0,5,8
37,9,8,0,5,8
37,9,9,0,5,8
37,9,10,0,5,8
37,10,1,0,5,8
37,10,2,0,5,8
37,10,3,0,5,8
37,10,4,0,5,8
37,10,5,0,5,8
37,10,6,0,5,8
37,10,7,0,5,8
37,10,8,0,5,8
37,10,9,0,5,8
37,10,10,0,5,8
38,1,1,0,5,9
38,1,2,0,5,9
38,1,3,0,5,9
38,1,4,0,5,9
38,1,5,0,5,9
38,1,6,0,5,9
38,1,7,1,5,9
38,1,8,0,5,9
38,1,9,0,5,9
38,1,10,1,5,9
38,2,1,0,5,9
38,2,2,0,5,9
38,2,3,0,5,9
38,2,4,0,5,9
38,2,5,1,5,9
38,2,6,1,5,9
38,2,7,0,5,9
38,2,8,1,5,9
38,2,9,0,5,9
38,2,10,1,5,9
38,3,1,0,5,9
38,3,2,0,5,9
38,3,3,1,5,9
38,3,4,1,5,9
38,3,5,0,5,9
38,3,6,1,5,9
38,3,7,0,5,9
38,3,8,1,5,9
38,3,9,0,5,9
38,3,10,1,5,9
38,4,1,0,5,9
38,4,2,0,5,9
38,4,3,0,5,9
38,4,4,0,5,9
38,4,5,0,5,9
38,4,6,0,5,9
38,4,7,0,5,9
38,4,8,0,5,9
38,4,9,0,5,9
38,4,10,0,5,9
38,5,1,0,5,9
38,5,2,0,5,9
38,5,3,0,5,9
38,5,4,0,5,9
38,5,5,0,5,9
38,5,6,0,5,9
38,5,7,0,5,9
38,5,8,0,5,9
38,5,9,0,5,9
38,5,10,0,5,9
38,6,1,0,5,9
38,6,2,0,5,9
38,6,3,0,5,9
38,6,4,0,5,9
38,6,5,0,5,9
38,6,6,0,5,9
38,6,7,0,5,9
38,6,8,0,5,9
38,6,9,0,5,9
38,6,10,0,5,9
38,7,1,0,5,9
38,7,2,0,5,9
38,7,3,0,5,9
38,7,4,0,5,9
38,7,5,0,5,9
38,7,6,0,5,9
38,7,7,0,5,9
38,7,8,0,5,9
38,7,9,0,5,9
38,7,10,0,5,9
38,8,1,0,5,9
38,8,2,0,5,9
38,8,3,0,5,9
38,8,4,0,5,9
38,8,5,0,5,9
38,8,6,0,5,9
38,8,7,0,5,9
38,8,8,0,5,9
38,8,9,0,5,9
38,8,10,0,5,9
38,9,1,0,5,9
38,9,2,0,5,9
38,9,3,0,5,9
38,9,4,0,5,9
38,9,5,0,5,9
38,9,6,0,5,9
38,9,7,0,5,9
38,9,8,0,5,9
38,9,9,0,5,9
38,9,10,0,5,9
38,10,1,0,5,9
38,10,2,0,5,9
38,10,3,0,5,9
38,10,4,0,5,9
38,10,5,0,5,9
38,10,6,0,5,9
38,10,7,0,5,9
38,10,8,0,5,9
38,10,9,0,5,9
38,10,10,0,5,9
39,1,1,1,6,1
39,1,2,0,6,1
39,1,3,1,6,1
39,1,4,0,6,1
39,1,5,0,6,1
39,1,6,1,6,1
39,1,7,0,6,1
39,1,8,0,6,1
39,1,9,0,6,1
39,1,10,0,6,1
39,2,1,1,6,1
39,2,2,0,6,1
39,2,3,0,6,1
39,2,4,1,6,1
39,2,5,0,6,1
39,2,6,0,6,1
39,2,7,1,6,1
39,2,8,1,6,1
39,2,9,0,6,1
39,2,10,0,6,1
39,3,1,1,6,1
39,3,2,0,6,1
39,3,3,0,6,1
39,3,4,1,6,1
39,3,5,1,6,1
39,3,6,1,6,1
39,3,7,0,6,1
39,3,8,0,6,1
39,3,9,0,6,1
39,3,10,0,6,1
39,4,1,1,6,1
39,4,2,0,6,1
39,4,3,1,6,1
39,4,4,0,6,1
39,4,5,1,6,1
39,4,6,0,6,1
39,4,7,1,6,1
39,4,8,1,6,1
39,4,9,0,6,1
39,4,10,0,6,1
39,5,1,0,6,1
39,5,2,0,6,1
39,5,3,0,6,1
39,5,4,0,6,1
39,5,5,0,6,1
39,5,6,0,6,1
39,5,7,0,6,1
39,5,8,0,6,1
39,5,9,0,6,1
39,5,10,0,6,1
39,6,1,0,6,1
39,6,2,0,6,1
39,6,3,0,6,1
39,6,4,0,6,1
39,6,5,0,6,1
39,6,6,0,6,1
39,6,7,0,6,1
39,6,8,0,6,1
39,6,9,0,6,1
39,6,10,0,6,1
39,7,1,0,6,1
39,7,2,0,6,1
39,7,3,0,6,1
39,7,4,0,6,1
39,7,5,0,6,1
39,7,6,0,6,1
39,7,7,0,6,1
39,7,8,0,6,1
39,7,9,0,6,1
39,7,10,0,6,1
39,8,1,0,6,1
39,8,2,0,6,1
39,8,3,0,6,1
39,8,4,0,6,1
39,8,5,0,6,1
39,8,6,0,6,1
39,8,7,0,6,1
39,8,8,0,6,1
39,8,9,0,6,1
39,8,10,0,6,1
39,9,1,0,6,1
39,9,2,0,6,1
39,9,3,0,6,1
39,9,4,0,6,1
39,9,5,0,6,1
39,9,6,0,6,1
39,9,7,0,6,1
39,9,8,0,6,1
39,9,9,0,6,1
39,9,10,0,6,1
39,10,1,0,6,1
39,10,2,0,6,1
39,10,3,0,6,1
39,10,4,0,6,1
39,10,5,0,6,1
39,10,6,0,6,1
39,10,7,0,6,1
39,10,8,0,6,1
39,10,9,0,6,1
39,10,10,0,6,1
40,1,1,0,6,2
40,1,2,1,6,2
40,1,3,1,6,2
40,1,4,0,6,2
40,1,5,0,6,2
40,1,6,1,6,2
40,1,7,0,6,2
40,1,8,0,6,2
40,1,9,0,6,2
40,1,10,0,6,2
40,2,1,0,6,2
40,2,2,1,6,2
40,2,3,0,6,2
40,2,4,1,6,2
40,2,5,0,6,2
40,2,6,0,6,2
40,2,7,1,6,2
40,2,8,1,6,2
40,2,9,0,6,2
40,2,10,0,6,2
40,3,1,0,6,2
40,3,2,1,6,2
40,3,3,0,6,2
40,3,4,1,6,2
40,3,5,1,6,2
40,3,6,1,6,2
40,3,7,0,6,2
40,3,8,0,6,2
40,3,9,0,6,2
40,3,10,0,6,2
40,4,1,0,6,2
40,4,2,1,6,2
40,4,3,1,6,2
40,4,4,0,6,2
40,4,5,1,6,2
40,4,6,0,6,2
40,4,7,1,6,2
40,4,8,1,6,2
40,4,9,0,6,2
40,4,10,0,6,2
40,5,1,0,6,2
40,5,2,0,6,2
40,5,3,0,6,2
40,5,4,0,6,2
40,5,5,0,6,2
40,5,6,0,6,2
40,5,7,0,6,2
40,5,8,0,6,2
40,5,9,0,6,2
40,5,10,0,6,2
40,6,1,0,6,2
40,6,2,0,6,2
40,6,3,0,6,2
40,6,4,0,6,2
40,6,5,0,6,2
40,6,6,0,6,2
40,6,7,0,6,2
40,6,8,0,6,2
40,6,9,0,6,2
40,6,10,0,6,2
40,7,1,0,6,2
40,7,2,0,6,2
40,7,3,0,6,2
40,7,4,0,6,2
40,7,5,0,6,2
40,7,6,0,6,2
40,7,7,0,6,2
40,7,8,0,6,2
40,7,9,0,6,2
40,7,10,0,6,2
40,8,1,0,6,2
40,8,2,0,6,2
40,8,3,0,6,2
40,8,4,0,6,2
40,8,5,0,6,2
40,8,6,0,6,2
40,8,7,0,6,2
40,8,8,0,6,2
40,8,9,0,6,2
40,8,10,0,6,2
40,9,1,0,6,2
40,9,2,0,6,2
40,9,3,0,6,2
40,9,4,0,6,2
40,9,5,0,6,2
40,9,6,0,6,2
40,9,7,0,6,2
40,9,8,0,6,2
40,9,9,0,6,2
40,9,10,0,6,2
40,10,1,0,6,2
40,10,2,0,6,2
40,10,3,0,6,2
40,10,4,0,6,2
40,10,5,0,6,2
40,10,6,0,6,2
40,10,7,0,6,2
40,10,8,0,6,2
40,10,9,0,6,2
40,10,10,0,6,2
41,1,1,0,6,3
41,1,2,0,6,3
41,1,3,1,6,3
41,1,4,0,6,3
41,1,5,0,6,3
41,1,6,1,6,3
41,1,7,0,6,3
41,1,8,0,6,3
41,1,9,0,6,3
41,1,10,0,6,3
41,2,1,0,6,3
41,2,2,0,6,3
41,2,3,0,6,3
41,2,4,1,6,3
41,2,5,0,6,3
41,2,6,0,6,3
41,2,7,1,6,3
41,2,8,1,6,3
41,2,9,0,6,3
41,2,10,0,6,3
41,3,1,0,6,3
41,3,2,0,6,3
41,3,3,0,6,3
41,3,4,1,6,3
41,3,5,1,6,3
41,3,6,1,6,3
41,3,7,0,6,3
41,3,8,0,6,3
41,3,9,0,6,3
41,3,10,0,6,3
41,4,1,0,6,3
41,4,2,0,6,3
41,4,3,1,6,3
41,4,4,0,6,3
41,4,5,1,6,3
41,4,6,0,6,3
41,4,7,1,6,3
41,4,8,1,6,3
41,4,9,0,6,3
41,4,10,0,6,3
41,5,1,0,6,3
41,5,2,0,6,3
41,5,3,0,6,3
41,5,4,0,6,3
41,5,5,0,6,3
41,5,6,0,6,3
41,5,7,0,6,3
41,5,8,0,6,3
41,5,9,0,6,3
41,5,10,0,6,3
41,6,1,0,6,3
41,6,2,0,6,3
41,6,3,0,6,3
41,6,4,0,6,3
41,6,5,0,6,3
41,6,6,0,6,3
41,6,7,0,6,3
41,6,8,0,6,3
41,6,9,0,6,3
41,6,10,0,6,3
41,7,1,0,6,3
41,7,2,0,6,3
41,7,3,0,6,3
41,7,4,0,6,3
41,7,5,0,6,3
41,7,6,0,6,3
41,7,7,0,6,3
41,7,8,0,6,3
41,7,9,0,6,3
41,7,10,0,6,3
41,8,1,0,6,3
41,8,2,0,6,3
41,8,3,0,6,3
41,8,4,0,6,3
41,8,5,0,6,3
41,8,6,0,6,3
41,8,7,0,6,3
41,8,8,0,6,3
41,8,9,0,6,3
41,8,10,0,6,3
41,9,1,0,6,3
41,9,2,0,6,3
41,9,3,0,6,3
41,9,4,0,6,3
41,9,5,0,6,3
41,9,6,0,6,3
41,9,7,0,6,3
41,9,8,0,6,3
41,9,9,0,6,3
41,9,10,0,6,3
41,10,1,0,6,3
41,10,2,0,6,3
41,10,3,0,6,3
41,10,4,0,6,3
41,10,5,0,6,3
41,10,6,0,6,3
41,10,7,0,6,3
41,10,8,0,6,3
41,10,9,0,6,3
41,10,10,0,6,3
42,1,1,0,6,4
42,1,2,0,6,4
42,1,3,0,6,4
42,1,4,0,6,4
42,1,5,0,6,4
42,1,6,1,6,4
42,1,7,0,6,4
42,1,8,0,6,4
42,1,9,0,6,4
42,1,10,0,6,4
42,2,1,0,6,4
42,2,2,0,6,4
42,2,3,0,6,4
42,2,4,0,6,4
42,2,5,1,6,4
42,2,6,0,6,4
42,2,7,1,6,4
42,2,8,1,6,4
42,2,9,0,6,4
42,2,10,0,6,4
42,3,1,0,6,4
42,3,2,0,6,4
42,3,3,1,6,4
42,3,4,1,6,4
42,3,5,0,6,4
42,3,6,0,6,4
42,3,7,1,6,4
42,3,8,1,6,4
42,3,9,0,6,4
42,3,10,0,6,4
42,4,1,0,6,4
42,4,2,0,6,4
42,4,3,0,6,4
42,4,4,0,6,4
42,4,5,0,6,4
42,4,6,0,6,4
42,4,7,0,6,4
42,4,8,0,6,4
42,4,9,0,6,4
42,4,10,0,6,4
42,5,1,0,6,4
42,5,2,0,6,4
42,5,3,0,6,4
42,5,4,0,6,4
42,5,5,0,6,4
42,5,6,0,6,4
42,5,7,0,6,4
42,5,8,0,6,4
42,5,9,0,6,4
42,5,10,0,6,4
42,6,1,0,6,4
42,6,2,0,6,4
42,6,3,0,6,4
42,6,4,0,6,4
42,6,5,0,6,4
42,6,6,0,6,4
42,6,7,0,6,4
42,6,8,0,6,4
42,6,9,0,6,4
42,6,10,0,6,4
42,7,1,0,6,4
42,7,2,0,6,4
42,7,3,0,6,4
42,7,4,0,6,4
42,7,5,0,6,4
42,7,6,0,6,4
42,7,7,0,6,4
42,7,8,0,6,4
42,7,9,0,6,4
42,7,10,0,6,4
42,8,1,0,6,4
42,8,2,0,6,4
42,8,3,0,6,4
42,8,4,0,6,4
42,8,5,0,6,4
42,8,6,0,6,4
42,8,7,0,6,4
42,8,8,0,6,4
42,8,9,0,6,4
42,8,10,0,6,4
42,9,1,0,6,4
42,9,2,0,6,4
42,9,3,0,6,4
42,9,4,0,6,4
42,9,5,0,6,4
42,9,6,0,6,4
42,9,7,0,6,4
42,9,8,0,6,4
42,9,9,0,6,4
42,9,10,0,6,4
42,10,1,0,6,4
42,10,2,0,6,4
42,10,3,0,6,4
42,10,4,0,6,4
42,10,5,0,6,4
42,10,6,0,6,4
42,10,7,0,6,4
42,10,8,0,6,4
42,10,9,0,6,4
42,10,10,0,6,4
43,1,1,0,6,5
43,1,2,0,6,5
43,1,3,0,6,5
43,1,4,0,6,5
43,1,5,1,6,5
43,1,6,1,6,5
43,1,7,0,6,5
43,1,8,0,6,5
43,1,9,0,6,5
43,1,10,0,6,5
43,2,1,0,6,5
43,2,2,0,6,5
43,2,3,0,6,5
43,2,4,0,6,5
43,2,5,0,6,5
43,2,6,0,6,5
43,2,7,1,6,5
43,2,8,1,6,5
43,2,9,0,6,5
43,2,10,0,6,5
43,3,1,0,6,5
43,3,2,0,6,5
43,3,3,1,6,5
43,3,4,1,6,5
43,3,5,0,6,5
43,3,6,1,6,5
43,3,7,0,6,5
43,3,8,0,6,5
43,3,9,0,6,5
43,3,10,0,6,5
43,4,1,0,6,5
43,4,2,0,6,5
43,4,3,0,6,5
43,4,4,0,6,5
43,4,5,0,6,5
43,4,6,0,6,5
43,4,7,0,6,5
43,4,8,0,6,5
43,4,9,0,6,5
43,4,10,0,6,5
43,5,1,0,6,5
43,5,2,0,6,5
43,5,3,0,6,5
43,5,4,0,6,5
43,5,5,0,6,5
43,5,6,0,6,5
43,5,7,0,6,5
43,5,8,0,6,5
43,5,9,0,6,5
43,5,10,0,6,5
43,6,1,0,6,5
43,6,2,0,6,5
43,6,3,0,6,5
43,6,4,0,6,5
43,6,5,0,6,5
43,6,6,0,6,5
43,6,7,0,6,5
43,6,8,0,6,5
43,6,9,0,6,5
43,6,10,0,6,5
43,7,1,0,6,5
43,7,2,0,6,5
43,7,3,0,6,5
43,7,4,0,6,5
43,7,5,0,6,5
43,7,6,0,6,5
43,7,7,0,6,5
43,7,8,0,6,5
43,7,9,0,6,5
43,7,10,0,6,5
43,8,1,0,6,5
43,8,2,0,6,5
43,8,3,0,6,5
43,8,4,0,6,5
43,8,5,0,6,5
43,8,6,0,6,5
43,8,7,0,6,5
43,8,8,0,6,5
43,8,9,0,6,5
43,8,10,0,6,5
43,9,1,0,6,5
43,9,2,0,6,5
43,9,3,0,6,5
43,9,4,0,6,5
43,9,5,0,6,5
43,9,6,0,6,5
43,9,7,0,6,5
43,9,8,0,6,5
43,9,9,0,6,5
43,9,10,0,6,5
43,10,1,0,6,5
43,10,2,0,6,5
43,10,3,0,6,5
43,10,4,0,6,5
43,10,5,0,6,5
43,10,6,0,6,5
43,10,7,0,6,5
43,10,8,0,6,5
43,10,9,0,6,5
43,10,10,0,6,5
44,1,1,0,6,7
44,1,2,0,6,7
44,1,3,0,6,7
44,1,4,0,6,7
44,1,5,0,6,7
44,1,6,0,6,7
44,1,7,0,6,7
44,1,8,1,6,7
44,1,9,0,6,7
44,1,10,0,6,7
44,2,1,0,6,7
44,2,2,0,6,7
44,2,3,0,6,7
44,2,4,0,6,7
44,2,5,1,6,7
44,2,6,1,6,7
44,2,7,1,6,7
44,2,8,0,6,7
44,2,9,0,6,7
44,2,10,0,6,7
44,3,1,0,6,7
44,3,2,0,6,7
44,3,3,1,6,7
44,3,4,1,6,7
44,3,5,0,6,7
44,3,6,1,6,7
44,3,7,1,6,7
44,3,8,0,6,7
44,3,9,0,6,7
44,3,10,0,6,7
44,4,1,0,6,7
44,4,2,0,6,7
44,4,3,0,6,7
44,4,4,0,6,7
44,4,5,0,6,7
44,4,6,0,6,7
44,4,7,0,6,7
44,4,8,0,6,7
44,4,9,0,6,7
44,4,10,0,6,7
44,5,1,0,6,7
44,5,2,0,6,7
44,5,3,0,6,7
44,5,4,0,6,7
44,5,5,0,6,7
44,5,6,0,6,7
44,5,7,0,6,7
44,5,8,0,6,7
44,5,9,0,6,7
44,5,10,0,6,7
44,6,1,0,6,7
44,6,2,0,6,7
44,6,3,0,6,7
44,6,4,0,6,7
44,6,5,0,6,7
44,6,6,0,6,7
44,6,7,0,6,7
44,6,8,0,6,7
44,6,9,0,6,7
44,6,10,0,6,7
44,7,1,0,6,7
44,7,2,0,6,7
44,7,3,0,6,7
44,7,4,0,6,7
44,7,5,0,6,7
44,7,6,0,6,7
44,7,7,0,6,7
44,7,8,0,6,7
44,7,9,0,6,7
44,7,10,0,6,7
44,8,1,0,6,7
44,8,2,0,6,7
44,8,3,0,6,7
44,8,4,0,6,7
44,8,5,0,6,7
44,8,6,0,6,7
44,8,7,0,6,7
44,8,8,0,6,7
44,8,9,0,6,7
44,8,10,0,6,7
44,9,1,0,6,7
44,9,2,0,6,7
44,9,3,0,6,7
44,9,4,0,6,7
44,9,5,0,6,7
44,9,6,0,6,7
44,9,7,0,6,7
44,9,8,0,6,7
44,9,9,0,6,7
44,9,10,0,6,7
44,10,1,0,6,7
44,10,2,0,6,7
44,10,3,0,6,7
44,10,4,0,6,7
44,10,5,0,6,7
44,10,6,0,6,7
44,10,7,0,6,7
44,10,8,0,6,7
44,10,9,0,6,7
44,10,10,0,6,7
45,1,1,0,6,9
45,1,2,0,6,9
45,1,3,0,6,9
45,1,4,0,6,9
45,1,5,0,6,9
45,1,6,0,6,9
45,1,7,0,6,9
45,1,8,1,6,9
45,1,9,0,6,9
45,1,10,1,6,9
45,2,1,0,6,9
45,2,2,0,6,9
45,2,3,0,6,9
45,2,4,0,6,9
45,2,5,1,6,9
45,2,6,1,6,9
45,2,7,1,6,9
45,2,8,0,6,9
45,2,9,0,6,9
45,2,10,1,6,9
45,3,1,0,6,9
45,3,2,0,6,9
45,3,3,1,6,9
45,3,4,1,6,9
45,3,5,0,6,9
45,3,6,1,6,9
45,3,7,1,6,9
45,3,8,0,6,9
45,3,9,0,6,9
45,3,10,1,6,9
45,4,1,0,6,9
45,4,2,0,6,9
45,4,3,0,6,9
45,4,4,0,6,9
45,4,5,0,6,9
45,4,6,0,6,9
45,4,7,0,6,9
45,4,8,0,6,9
45,4,9,0,6,9
45,4,10,0,6,9
45,5,1,0,6,9
45,5,2,0,6,9
45,5,3,0,6,9
45,5,4,0,6,9
45,5,5,0,6,9
45,5,6,0,6,9
45,5,7,0,6,9
45,5,8,0,6,9
45,5,9,0,6,9
45,5,10,0,6,9
45,6,1,0,6,9
45,6,2,0,6,9
45,6,3,0,6,9
45,6,4,0,6,9
45,6,5,0,6,9
45,6,6,0,6,9
45,6,7,0,6,9
45,6,8,0,6,9
45,6,9,0,6,9
45,6,10,0,6,9
45,7,1,0,6,9
45,7,2,0,6,9
45,7,3,0,6,9
45,7,4,0,6,9
45,7,5,0,6,9
45,7,6,0,6,9
45,7,7,0,6,9
45,7,8,0,6,9
45,7,9,0,6,9
45,7,10,0,6,9
45,8,1,0,6,9
45,8,2,0,6,9
45,8,3,0,6,9
45,8,4,0,6,9
45,8,5,0,6,9
45,8,6,0,6,9
45,8,7,0,6,9
45,8,8,0,6,9
45,8,9,0,6,9
45,8,10,0,6,9
45,9,1,0,6,9
45,9,2,0,6,9
45,9,3,0,6,9
45,9,4,0,6,9
45,9,5,0,6,9
45,9,6,0,6,9
45,9,7,0,6,9
45,9,8,0,6,9
45,9,9,0,6,9
45,9,10,0,6,9
45,10,1,0,6,9
45,10,2,0,6,9
45,10,3,0,6,9
45,10,4,0,6,9
45,10,5,0,6,9
45,10,6,0,6,9
45,10,7,0,6,9
45,10,8,0,6,9
45,10,9,0,6,9
45,10,10,0,6,9
46,1,1,0,7,2
46,1,2,1,7,2
46,1,3,0,7,2
46,1,4,1,7,2
46,1,5,0,7,2
46,1,6,0,7,2
46,1,7,1,7,2
46,1,8,0,7,2
46,1,9,0,7,2
46,1,10,0,7,2
46,2,1,0,7,2
46,2,2,1,7,2
46,2,3,1,7,2
46,2,4,0,7,2
46,2,5,0,7,2
46,2,6,1,7,2
46,2,7,0,7,2
46,2,8,1,7,2
46,2,9,0,7,2
46,2,10,0,7,2
46,3,1,0,7,2
46,3,2,1,7,2
46,3,3,1,7,2
46,3,4,0,7,2
46,3,5,1,7,2
46,3,6,0,7,2
46,3,7,1,7,2
46,3,8,0,7,2
46,3,9,0,7,2
46,3,10,0,7,2
46,4,1,0,7,2
46,4,2,1,7,2
46,4,3,0,7,2
46,4,4,1,7,2
46,4,5,1,7,2
46,4,6,1,7,2
46,4,7,0,7,2
46,4,8,1,7,2
46,4,9,0,7,2
46,4,10,0,7,2
46,5,1,0,7,2
46,5,2,0,7,2
46,5,3,0,7,2
46,5,4,0,7,2
46,5,5,0,7,2
46,5,6,0,7,2
46,5,7,0,7,2
46,5,8,0,7,2
46,5,9,0,7,2
46,5,10,0,7,2
46,6,1,0,7,2
46,6,2,0,7,2
46,6,3,0,7,2
46,6,4,0,7,2
46,6,5,0,7,2
46,6,6,0,7,2
46,6,7,0,7,2
46,6,8,0,7,2
46,6,9,0,7,2
46,6,10,0,7,2
46,7,1,0,7,2
46,7,2,0,7,2
46,7,3,0,7,2
46,7,4,0,7,2
46,7,5,0,7,2
46,7,6,0,7,2
46,7,7,0,7,2
46,7,8,0,7,2
46,7,9,0,7,2
46,7,10,0,7,2
46,8,1,0,7,2
46,8,2,0,7,2
46,8,3,0,7,2
46,8,4,0,7,2
46,8,5,0,7,2
46,8,6,0,7,2
46,8,7,0,7,2
46,8,8,0,7,2
46,8,9,0,7,2
46,8,10,0,7,2
46,9,1,0,7,2
46,9,2,0,7,2
46,9,3,0,7,2
46,9,4,0,7,2
46,9,5,0,7,2
46,9,6,0,7,2
46,9,7,0,7,2
46,9,8,0,7,2
46,9,9,0,7,2
46,9,10,0,7,2
46,10,1,0,7,2
46,10,2,0,7,2
46,10,3,0,7,2
46,10,4,0,7,2
46,10,5,0,7,2
46,10,6,0,7,2
46,10,7,0,7,2
46,10,8,0,7,2
46,10,9,0,7,2
46,10,10,0,7,2
47,1,1,0,7,3
47,1,2,0,7,3
47,1,3,0,7,3
47,1,4,1,7,3
47,1,5,0,7,3
47,1,6,0,7,3
47,1,7,1,7,3
47,1,8,0,7,3
47,1,9,0,7,3
47,1,10,0,7,3
47,2,1,0,7,3
47,2,2,0,7,3
47,2,3,1,7,3
47,2,4,0,7,3
47,2,5,0,7,3
47,2,6,1,7,3
47,2,7,0,7,3
47,2,8,1,7,3
47,2,9,0,7,3
47,2,10,0,7,3
47,3,1,0,7,3
47,3,2,0,7,3
47,3,3,1,7,3
47,3,4,0,7,3
47,3,5,1,7,3
47,3,6,0,7,3
47,3,7,1,7,3
47,3,8,0,7,3
47,3,9,0,7,3
47,3,10,0,7,3
47,4,1,0,7,3
47,4,2,0,7,3
47,4,3,0,7,3
47,4,4,1,7,3
47,4,5,1,7,3
47,4,6,1,7,3
47,4,7,0,7,3
47,4,8,1,7,3
47,4,9,0,7,3
47,4,10,0,7,3
47,5,1,0,7,3
47,5,2,0,7,3
47,5,3,0,7,3
47,5,4,0,7,3
47,5,5,0,7,3
47,5,6,0,7,3
47,5,7,0,7,3
47,5,8,0,7,3
47,5,9,0,7,3
47,5,10,0,7,3
47,6,1,0,7,3
47,6,2,0,7,3
47,6,3,0,7,3
47,6,4,0,7,3
47,6,5,0,7,3
47,6,6,0,7,3
47,6,7,0,7,3
47,6,8,0,7,3
47,6,9,0,7,3
47,6,10,0,7,3
47,7,1,0,7,3
47,7,2,0,7,3
47,7,3,0,7,3
47,7,4,0,7,3
47,7,5,0,7,3
47,7,6,0,7,3
47,7,7,0,7,3
47,7,8,0,7,3
47,7,9,0,7,3
47,7,10,0,7,3
47,8,1,0,7,3
47,8,2,0,7,3
47,8,3,0,7,3
47,8,4,0,7,3
47,8,5,0,7,3
47,8,6,0,7,3
47,8,7,0,7,3
47,8,8,0,7,3
47,8,9,0,7,3
47,8,10,0,7,3
47,9,1,0,7,3
47,9,2,0,7,3
47,9,3,0,7,3
47,9,4,0,7,3
47,9,5,0,7,3
47,9,6,0,7,3
47,9,7,0,7,3
47,9,8,0,7,3
47,9,9,0,7,3
47,9,10,0,7,3
47,10,1,0,7,3
47,10,2,0,7,3
47,10,3,0,7,3
47,10,4,0,7,3
47,10,5,0,7,3
47,10,6,0,7,3
47,10,7,0,7,3
47,10,8,0,7,3
47,10,9,0,7,3
47,10,10,0,7,3
48,1,1,0,7,4
48,1,2,0,7,4
48,1,3,0,7,4
48,1,4,0,7,4
48,1,5,1,7,4
48,1,6,0,7,4
48,1,7,1,7,4
48,1,8,0,7,4
48,1,9,0,7,4
48,1,10,0,7,4
48,2,1,0,7,4
48,2,2,0,7,4
48,2,3,0,7,4
48,2,4,0,7,4
48,2,5,0,7,4
48,2,6,1,7,4
48,2,7,0,7,4
48,2,8,1,7,4
48,2,9,0,7,4
48,2,10,0,7,4
48,3,1,0,7,4
48,3,2,0,7,4
48,3,3,1,7,4
48,3,4,1,7,4
48,3,5,0,7,4
48,3,6,0,7,4
48,3,7,1,7,4
48,3,8,0,7,4
48,3,9,0,7,4
48,3,10,0,7,4
48,4,1,0,7,4
48,4,2,0,7,4
48,4,3,0,7,4
48,4,4,0,7,4
48,4,5,0,7,4
48,4,6,0,7,4
48,4,7,0,7,4
48,4,8,0,7,4
48,4,9,0,7,4
48,4,10,0,7,4
48,5,1,0,7,4
48,5,2,0,7,4
48,5,3,0,7,4
48,5,4,0,7,4
48,5,5,0,7,4
48,5,6,0,7,4
48,5,7,0,7,4
48,5,8,0,7,4
48,5,9,0,7,4
48,5,10,0,7,4
48,6,1,0,7,4
48,6,2,0,7,4
48,6,3,0,7,4
48,6,4,0,7,4
48,6,5,0,7,4
48,6,6,0,7,4
48,6,7,0,7,4
48,6,8,0,7,4
48,6,9,0,7,4
48,6,10,0,7,4
48,7,1,0,7,4
48,7,2,0,7,4
48,7,3,0,7,4
48,7,4,0,7,4
48,7,5,0,7,4
48,7,6,0,7,4
48,7,7,0,7,4
48,7,8,0,7,4
48,7,9,0,7,4
48,7,10,0,7,4
48,8,1,0,7,4
48,8,2,0,7,4
48,8,3,0,7,4
48,8,4,0,7,4
48,8,5,0,7,4
48,8,6,0,7,4
48,8,7,0,7,4
48,8,8,0,7,4
48,8,9,0,7,4
48,8,10,0,7,4
48,9,1,0,7,4
48,9,2,0,7,4
48,9,3,0,7,4
48,9,4,0,7,4
48,9,5,0,7,4
48,9,6,0,7,4
48,9,7,0,7,4
48,9,8,0,7,4
48,9,9,0,7,4
48,9,10,0,7,4
48,10,1,0,7,4
48,10,2,0,7,4
48,10,3,0,7,4
48,10,4,0,7,4
48,10,5,0,7,4
48,10,6,0,7,4
48,10,7,0,7,4
48,10,8,0,7,4
48,10,9,0,7,4
48,10,10,0,7,4
49,1,1,0,7,5
49,1,2,0,7,5
49,1,3,0,7,5
49,1,4,0,7,5
49,1,5,0,7,5
49,1,6,0,7,5
49,1,7,1,7,5
49,1,8,0,7,5
49,1,9,0,7,5
49,1,10,0,7,5
49,2,1,0,7,5
49,2,2,0,7,5
49,2,3,0,7,5
49,2,4,0,7,5
49,2,5,1,7,5
49,2,6,1,7,5
49,2,7,0,7,5
49,2,8,1,7,5
49,2,9,0,7,5
49,2,10,0,7,5
49,3,1,0,7,5
49,3,2,0,7,5
49,3,3,1,7,5
49,3,4,1,7,5
49,3,5,0,7,5
49,3,6,1,7,5
49,3,7,0,7,5
49,3,8,1,7,5
49,3,9,0,7,5
49,3,10,0,7,5
49,4,1,0,7,5
49,4,2,0,7,5
49,4,3,0,7,5
49,4,4,0,7,5
49,4,5,0,7,5
49,4,6,0,7,5
49,4,7,0,7,5
49,4,8,0,7,5
49,4,9,0,7,5
49,4,10,0,7,5
49,5,1,0,7,5
49,5,2,0,7,5
49,5,3,0,7,5
49,5,4,0,7,5
49,5,5,0,7,5
49,5,6,0,7,5
49,5,7,0,7,5
49,5,8,0,7,5
49,5,9,0,7,5
49,5,10,0,7,5
49,6,1,0,7,5
49,6,2,0,7,5
49,6,3,0,7,5
49,6,4,0,7,5
49,6,5,0,7,5
49,6,6,0,7,5
49,6,7,0,7,5
49,6,8,0,7,5
49,6,9,0,7,5
49,6,10,0,7,5
49,7,1,0,7,5
49,7,2,0,7,5
49,7,3,0,7,5
49,7,4,0,7,5
49,7,5,0,7,5
49,7,6,0,7,5
49,7,7,0,7,5
49,7,8,0,7,5
49,7,9,0,7,5
49,7,10,0,7,5
49,8,1,0,7,5
49,8,2,0,7,5
49,8,3,0,7,5
49,8,4,0,7,5
49,8,5,0,7,5
49,8,6,0,7,5
49,8,7,0,7,5
49,8,8,0,7,5
49,8,9,0,7,5
49,8,10,0,7,5
49,9,1,0,7,5
49,9,2,0,7,5
49,9,3,0,7,5
49,9,4,0,7,5
49,9,5,0,7,5
49,9,6,0,7,5
49,9,7,0,7,5
49,9,8,0,7,5
49,9,9,0,7,5
49,9,10,0,7,5
49,10,1,0,7,5
49,10,2,0,7,5
49,10,3,0,7,5
49,10,4,0,7,5
49,10,5,0,7,5
49,10,6,0,7,5
49,10,7,0,7,5
49,10,8,0,7,5
49,10,9,0,7,5
49,10,10,0,7,5
50,1,1,0,7,6
50,1,2,0,7,6
50,1,3,0,7,6
50,1,4,0,7,6
50,1,5,0,7,6
50,1,6,0,7,6
50,1,7,0,7,6
50,1,8,1,7,6
50,1,9,0,7,6
50,1,10,0,7,6
50,2,1,0,7,6
50,2,2,0,7,6
50,2,3,0,7,6
50,2,4,0,7,6
50,2,5,1,7,6
50,2,6,1,7,6
50,2,7,1,7,6
50,2,8,0,7,6
50,2,9,0,7,6
50,2,10,0,7,6
50,3,1,0,7,6
50,3,2,0,7,6
50,3,3,1,7,6
50,3,4,1,7,6
50,3,5,0,7,6
50,3,6,1,7,6
50,3,7,1,7,6
50,3,8,0,7,6
50,3,9,0,7,6
50,3,10,0,7,6
50,4,1,0,7,6
50,4,2,0,7,6
50,4,3,0,7,6
50,4,4,0,7,6
50,4,5,0,7,6
50,4,6,0,7,6
50,4,7,0,7,6
50,4,8,0,7,6
50,4,9,0,7,6
50,4,10,0,7,6
50,5,1,0,7,6
50,5,2,0,7,6
50,5,3,0,7,6
50,5,4,0,7,6
50,5,5,0,7,6
50,5,6,0,7,6
50,5,7,0,7,6
50,5,8,0,7,6
50,5,9,0,7,6
50,5,10,0,7,6
50,6,1,0,7,6
50,6,2,0,7,6
50,6,3,0,7,6
50,6,4,0,7,6
50,6,5,0,7,6
50,6,6,0,7,6
50,6,7,0,7,6
50,6,8,0,7,6
50,6,9,0,7,6
50,6,10,0,7,6
50,7,1,0,7,6
50,7,2,0,7,6
50,7,3,0,7,6
50,7,4,0,7,6
50,7,5,0,7,6
50,7,6,0,7,6
50,7,7,0,7,6
50,7,8,0,7,6
50,7,9,0,7,6
50,7,10,0,7,6
50,8,1,0,7,6
50,8,2,0,7,6
50,8,3,0,7,6
50,8,4,0,7,6
50,8,5,0,7,6
50,8,6,0,7,6
50,8,7,0,7,6
50,8,8,0,7,6
50,8,9,0,7,6
50,8,10,0,7,6
50,9,1,0,7,6
50,9,2,0,7,6
50,9,3,0,7,6
50,9,4,0,7,6
50,9,5,0,7,6
50,9,6,0,7,6
50,9,7,0,7,6
50,9,8,0,7,6
50,9,9,0,7,6
50,9,10,0,7,6
50,10,1,0,7,6
50,10,2,0,7,6
50,10,3,0,7,6
50,10,4,0,7,6
50,10,5,0,7,6
50,10,6,0,7,6
50,10,7,0,7,6
50,10,8,0,7,6
50,10,9,0,7,6
50,10,10,0,7,6
51,1,1,0,7,8
51,1,2,0,7,8
51,1,3,0,7,8
51,1,4,0,7,8
51,1,5,0,7,8
51,1,6,0,7,8
51,1,7,0,7,8
51,1,8,1,7,8
51,1,9,1,7,8
51,1,10,0,7,8
51,2,1,0,7,8
51,2,2,0,7,8
51,2,3,0,7,8
51,2,4,0,7,8
51,2,5,1,7,8
51,2,6,1,7,8
51,2,7,1,7,8
51,2,8,0,7,8
51,2,9,1,7,8
51,2,10,0,7,8
51,3,1,0,7,8
51,3,2,0,7,8
51,3,3,1,7,8
51,3,4,1,7,8
51,3,5,0,7,8
51,3,6,1,7,8
51,3,7,1,7,8
51,3,8,0,7,8
51,3,9,1,7,8
51,3,10,0,7,8
51,4,1,0,7,8
51,4,2,0,7,8
51,4,3,0,7,8
51,4,4,0,7,8
51,4,5,0,7,8
51,4,6,0,7,8
51,4,7,0,7,8
51,4,8,0,7,8
51,4,9,0,7,8
51,4,10,0,7,8
51,5,1,0,7,8
51,5,2,0,7,8
51,5,3,0,7,8
51,5,4,0,7,8
51,5,5,0,7,8
51,5,6,0,7,8
51,5,7,0,7,8
51,5,8,0,7,8
51,5,9,0,7,8
51,5,10,0,7,8
51,6,1,0,7,8
51,6,2,0,7,8
51,6,3,0,7,8
51,6,4,0,7,8
51,6,5,0,7,8
51,6,6,0,7,8
51,6,7,0,7,8
51,6,8,0,7,8
51,6,9,0,7,8
51,6,10,0,7,8
51,7,1,0,7,8
51,7,2,0,7,8
51,7,3,0,7,8
51,7,4,0,7,8
51,7,5,0,7,8
51,7,6,0,7,8
51,7,7,0,7,8
51,7,8,0,7,8
51,7,9,0,7,8
51,7,10,0,7,8
51,8,1,0,7,8
51,8,2,0,7,8
51,8,3,0,7,8
51,8,4,0,7,8
51,8,5,0,7,8
51,8,6,0,7,8
51,8,7,0,7,8
51,8,8,0,7,8
51,8,9,0,7,8
51,8,10,0,7,8
51,9,1,0,7,8
51,9,2,0,7,8
51,9,3,0,7,8
51,9,4,0,7,8
51,9,5,0,7,8
51,9,6,0,7,8
51,9,7,0,7,8
51,9,8,0,7,8
51,9,9,0,7,8
51,9,10,0,7,8
51,10,1,0,7,8
51,10,2,0,7,8
51,10,3,0,7,8
51,10,4,0,7,8
51,10,5,0,7,8
51,10,6,0,7,8
51,10,7,0,7,8
51,10,8,0,7,8
51,10,9,0,7,8
51,10,10,0,7,8
52,1,1,0,7,9
52,1,2,0,7,9
52,1,3,0,7,9
52,1,4,0,7,9
52,1,5,0,7,9
52,1,6,0,7,9
52,1,7,0,7,9
52,1,8,0,7,9
52,1,9,0,7,9
52,1,10,1,7,9
52,2,1,0,7,9
52,2,2,0,7,9
52,2,3,0,7,9
52,2,4,0,7,9
52,2,5,0,7,9
52,2,6,0,7,9
52,2,7,0,7,9
52,2,8,0,7,9
52,2,9,0,7,9
52,2,10,0,7,9
52,3,1,0,7,9
52,3,2,0,7,9
52,3,3,0,7,9
52,3,4,0,7,9
52,3,5,0,7,9
52,3,6,0,7,9
52,3,7,0,7,9
52,3,8,0,7,9
52,3,9,0,7,9
52,3,10,0,7,9
52,4,1,0,7,9
52,4,2,0,7,9
52,4,3,0,7,9
52,4,4,0,7,9
52,4,5,0,7,9
52,4,6,0,7,9
52,4,7,0,7,9
52,4,8,0,7,9
52,4,9,0,7,9
52,4,10,0,7,9
52,5,1,0,7,9
52,5,2,0,7,9
52,5,3,0,7,9
52,5,4,0,7,9
52,5,5,0,7,9
52,5,6,0,7,9
52,5,7,0,7,9
52,5,8,0,7,9
52,5,9,0,7,9
52,5,10,0,7,9
52,6,1,0,7,9
52,6,2,0,7,9
52,6,3,0,7,9
52,6,4,0,7,9
52,6,5,0,7,9
52,6,6,0,7,9
52,6,7,0,7,9
52,6,8,0,7,9
52,6,9,0,7,9
52,6,10,0,7,9
52,7,1,0,7,9
52,7,2,0,7,9
52,7,3,0,7,9
52,7,4,0,7,9
52,7,5,0,7,9
52,7,6,0,7,9
52,7,7,0,7,9
52,7,8,0,7,9
52,7,9,0,7,9
52,7,10,0,7,9
52,8,1,0,7,9
52,8,2,0,7,9
52,8,3,0,7,9
52,8,4,0,7,9
52,8,5,0,7,9
52,8,6,0,7,9
52,8,7,0,7,9
52,8,8,0,7,9
52,8,9,0,7,9
52,8,10,0,7,9
52,9,1,0,7,9
52,9,2,0,7,9
52,9,3,0,7,9
52,9,4,0,7,9
52,9,5,0,7,9
52,9,6,0,7,9
52,9,7,0,7,9
52,9,8,0,7,9
52,9,9,0,7,9
52,9,10,0,7,9
52,10,1,0,7,9
52,10,2,0,7,9
52,10,3,0,7,9
52,10,4,0,7,9
52,10,5,0,7,9
52,10,6,0,7,9
52,10,7,0,7,9
52,10,8,0,7,9
52,10,9,0,7,9
52,10,10,0,7,9
53,1,1,0,8,2
53,1,2,1,8,2
53,1,3,1,8,2
53,1,4,0,8,2
53,1,5,0,8,2
53,1,6,1,8,2
53,1,7,0,8,2
53,1,8,0,8,2
53,1,9,1,8,2
53,1,10,0,8,2
53,2,1,0,8,2
53,2,2,1,8,2
53,2,3,0,8,2
53,2,4,1,8,2
53,2,5,0,8,2
53,2,6,0,8,2
53,2,7,1,8,2
53,2,8,1,8,2
53,2,9,1,8,2
53,2,10,0,8,2
53,3,1,0,8,2
53,3,2,1,8,2
53,3,3,0,8,2
53,3,4,1,8,2
53,3,5,1,8,2
53,3,6,1,8,2
53,3,7,0,8,2
53,3,8,0,8,2
53,3,9,1,8,2
53,3,10,0,8,2
53,4,1,0,8,2
53,4,2,1,8,2
53,4,3,1,8,2
53,4,4,0,8,2
53,4,5,1,8,2
53,4,6,0,8,2
53,4,7,1,8,2
53,4,8,1,8,2
53,4,9,1,8,2
53,4,10,0,8,2
53,5,1,0,8,2
53,5,2,0,8,2
53,5,3,0,8,2
53,5,4,0,8,2
53,5,5,0,8,2
53,5,6,0,8,2
53,5,7,0,8,2
53,5,8,0,8,2
53,5,9,0,8,2
53,5,10,0,8,2
53,6,1,0,8,2
53,6,2,0,8,2
53,6,3,0,8,2
53,6,4,0,8,2
53,6,5,0,8,2
53,6,6,0,8,2
53,6,7,0,8,2
53,6,8,0,8,2
53,6,9,0,8,2
53,6,10,0,8,2
53,7,1,0,8,2
53,7,2,0,8,2
53,7,3,0,8,2
53,7,4,0,8,2
53,7,5,0,8,2
53,7,6,0,8,2
53,7,7,0,8,2
53,7,8,0,8,2
53,7,9,0,8,2
53,7,10,0,8,2
53,8,1,0,8,2
53,8,2,0,8,2
53,8,3,0,8,2
53,8,4,0,8,2
53,8,5,0,8,2
53,8,6,0,8,2
53,8,7,0,8,2
53,8,8,0,8,2
53,8,9,0,8,2
53,8,10,0,8,2
53,9,1,0,8,2
53,9,2,0,8,2
53,9,3,0,8,2
53,9,4,0,8,2
53,9,5,0,8,2
53,9,6,0,8,2
53,9,7,0,8,2
53,9,8,0,8,2
53,9,9,0,8,2
53,9,10,0,8,2
53,10,1,0,8,2
53,10,2,0,8,2
53,10,3,0,8,2
53,10,4,0,8,2
53,10,5,0,8,2
53,10,6,0,8,2
53,10,7,0,8,2
53,10,8,0,8,2
53,10,9,0,8,2
53,10,10,0,8,2
54,1,1,0,8,3
54,1,2,0,8,3
54,1,3,1,8,3
54,1,4,0,8,3
54,1,5,0,8,3
54,1,6,1,8,3
54,1,7,0,8,3
54,1,8,0,8,3
54,1,9,1,8,3
54,1,10,0,8,3
54,2,1,0,8,3
54,2,2,0,8,3
54,2,3,0,8,3
54,2,4,1,8,3
54,2,5,0,8,3
54,2,6,0,8,3
54,2,7,1,8,3
54,2,8,1,8,3
54,2,9,1,8,3
54,2,10,0,8,3
54,3,1,0,8,3
54,3,2,0,8,3
54,3,3,0,8,3
54,3,4,1,8,3
54,3,5,1,8,3
54,3,6,1,8,3
54,3,7,0,8,3
54,3,8,0,8,3
54,3,9,1,8,3
54,3,10,0,8,3
54,4,1,0,8,3
54,4,2,0,8,3
54,4,3,1,8,3
54,4,4,0,8,3
54,4,5,1,8,3
54,4,6,0,8,3
54,4,7,1,8,3
54,4,8,1,8,3
54,4,9,1,8,3
54,4,10,0,8,3
54,5,1,0,8,3
54,5,2,0,8,3
54,5,3,0,8,3
54,5,4,0,8,3
54,5,5,0,8,3
54,5,6,0,8,3
54,5,7,0,8,3
54,5,8,0,8,3
54,5,9,0,8,3
54,5,10,0,8,3
54,6,1,0,8,3
54,6,2,0,8,3
54,6,3,0,8,3
54,6,4,0,8,3
54,6,5,0,8,3
54,6,6,0,8,3
54,6,7,0,8,3
54,6,8,0,8,3
54,6,9,0,8,3
54,6,10,0,8,3
54,7,1,0,8,3
54,7,2,0,8,3
54,7,3,0,8,3
54,7,4,0,8,3
54,7,5,0,8,3
54,7,6,0,8,3
54,7,7,0,8,3
54,7,8,0,8,3
54,7,9,0,8,3
54,7,10,0,8,3
54,8,1,0,8,3
54,8,2,0,8,3
54,8,3,0,8,3
54,8,4,0,8,3
54,8,5,0,8,3
54,8,6,0,8,3
54,8,7,0,8,3
54,8,8,0,8,3
54,8,9,0,8,3
54,8,10,0,8,3
54,9,1,0,8,3
54,9,2,0,8,3
54,9,3,0,8,3
54,9,4,0,8,3
54,9,5,0,8,3
54,9,6,0,8,3
54,9,7,0,8,3
54,9,8,0,8,3
54,9,9,0,8,3
54,9,10,0,8,3
54,10,1,0,8,3
54,10,2,0,8,3
54,10,3,0,8,3
54,10,4,0,8,3
54,10,5,0,8,3
54,10,6,0,8,3
54,10,7,0,8,3
54,10,8,0,8,3
54,10,9,0,8,3
54,10,10,0,8,3
55,1,1,0,8,4
55,1,2,0,8,4
55,1,3,0,8,4
55,1,4,0,8,4
55,1,5,0,8,4
55,1,6,1,8,4
55,1,7,0,8,4
55,1,8,0,8,4
55,1,9,1,8,4
55,1,10,0,8,4
55,2,1,0,8,4
55,2,2,0,8,4
55,2,3,0,8,4
55,2,4,0,8,4
55,2,5,1,8,4
55,2,6,0,8,4
55,2,7,1,8,4
55,2,8,1,8,4
55,2,9,1,8,4
55,2,10,0,8,4
55,3,1,0,8,4
55,3,2,0,8,4
55,3,3,1,8,4
55,3,4,1,8,4
55,3,5,0,8,4
55,3,6,0,8,4
55,3,7,1,8,4
55,3,8,1,8,4
55,3,9,1,8,4
55,3,10,0,8,4
55,4,1,0,8,4
55,4,2,0,8,4
55,4,3,0,8,4
55,4,4,0,8,4
55,4,5,0,8,4
55,4,6,0,8,4
55,4,7,0,8,4
55,4,8,0,8,4
55,4,9,0,8,4
55,4,10,0,8,4
55,5,1,0,8,4
55,5,2,0,8,4
55,5,3,0,8,4
55,5,4,0,8,4
55,5,5,0,8,4
55,5,6,0,8,4
55,5,7,0,8,4
55,5,8,0,8,4
55,5,9,0,8,4
55,5,10,0,8,4
55,6,1,0,8,4
55,6,2,0,8,4
55,6,3,0,8,4
55,6,4,0,8,4
55,6,5,0,8,4
55,6,6,0,8,4
55,6,7,0,8,4
55,6,8,0,8,4
55,6,9,0,8,4
55,6,10,0,8,4
55,7,1,0,8,4
55,7,2,0,8,4
55,7,3,0,8,4
55,7,4,0,8,4
55,7,5,0,8,4
55,7,6,0,8,4
55,7,7,0,8,4
55,7,8,0,8,4
55,7,9,0,8,4
55,7,10,0,8,4
55,8,1,0,8,4
55,8,2,0,8,4
55,8,3,0,8,4
55,8,4,0,8,4
55,8,5,0,8,4
55,8,6,0,8,4
55,8,7,0,8,4
55,8,8,0,8,4
55,8,9,0,8,4
55,8,10,0,8,4
55,9,1,0,8,4
55,9,2,0,8,4
55,9,3,0,8,4
55,9,4,0,8,4
55,9,5,0,8,4
55,9,6,0,8,4
55,9,7,0,8,4
55,9,8,0,8,4
55,9,9,0,8,4
55,9,10,0,8,4
55,10,1,0,8,4
55,10,2,0,8,4
55,10,3,0,8,4
55,10,4,0,8,4
55,10,5,0,8,4
55,10,6,0,8,4
55,10,7,0,8,4
55,10,8,0,8,4
55,10,9,0,8,4
55,10,10,0,8,4
56,1,1,0,8,5
56,1,2,0,8,5
56,1,3,0,8,5
56,1,4,0,8,5
56,1,5,1,8,5
56,1,6,1,8,5
56,1,7,0,8,5
56,1,8,0,8,5
56,1,9,1,8,5
56,1,10,0,8,5
56,2,1,0,8,5
56,2,2,0,8,5
56,2,3,0,8,5
56,2,4,0,8,5
56,2,5,0,8,5
56,2,6,0,8,5
56,2,7,1,8,5
56,2,8,1,8,5
56,2,9,1,8,5
56,2,10,0,8,5
56,3,1,0,8,5
56,3,2,0,8,5
56,3,3,1,8,5
56,3,4,1,8,5
56,3,5,0,8,5
56,3,6,1,8,5
56,3,7,0,8,5
56,3,8,0,8,5
56,3,9,1,8,5
56,3,10,0,8,5
56,4,1,0,8,5
56,4,2,0,8,5
56,4,3,0,8,5
56,4,4,0,8,5
56,4,5,0,8,5
56,4,6,0,8,5
56,4,7,0,8,5
56,4,8,0,8,5
56,4,9,0,8,5
56,4,10,0,8,5
56,5,1,0,8,5
56,5,2,0,8,5
56,5,3,0,8,5
56,5,4,0,8,5
56,5,5,0,8,5
56,5,6,0,8,5
56,5,7,0,8,5
56,5,8,0,8,5
56,5,9,0,8,5
56,5,10,0,8,5
56,6,1,0,8,5
56,6,2,0,8,5
56,6,3,0,8,5
56,6,4,0,8,5
56,6,5,0,8,5
56,6,6,0,8,5
56,6,7,0,8,5
56,6,8,0,8,5
56,6,9,0,8,5
56,6,10,0,8,5
56,7,1,0,8,5
56,7,2,0,8,5
56,7,3,0,8,5
56,7,4,0,8,5
56,7,5,0,8,5
56,7,6,0,8,5
56,7,7,0,8,5
56,7,8,0,8,5
56,7,9,0,8,5
56,7,10,0,8,5
56,8,1,0,8,5
56,8,2,0,8,5
56,8,3,0,8,5
56,8,4,0,8,5
56,8,5,0,8,5
56,8,6,0,8,5
56,8,7,0,8,5
56,8,8,0,8,5
56,8,9,0,8,5
56,8,10,0,8,5
56,9,1,0,8,5
56,9,2,0,8,5
56,9,3,0,8,5
56,9,4,0,8,5
56,9,5,0,8,5
56,9,6,0,8,5
56,9,7,0,8,5
56,9,8,0,8,5
56,9,9,0,8,5
56,9,10,0,8,5
56,10,1,0,8,5
56,10,2,0,8,5
56,10,3,0,8,5
56,10,4,0,8,5
56,10,5,0,8,5
56,10,6,0,8,5
56,10,7,0,8,5
56,10,8,0,8,5
56,10,9,0,8,5
56,10,10,0,8,5
57,1,1,0,8,6
57,1,2,0,8,6
57,1,3,0,8,6
57,1,4,0,8,6
57,1,5,0,8,6
57,1,6,0,8,6
57,1,7,0,8,6
57,1,8,0,8,6
57,1,9,1,8,6
57,1,10,0,8,6
57,2,1,0,8,6
57,2,2,0,8,6
57,2,3,0,8,6
57,2,4,0,8,6
57,2,5,0,8,6
57,2,6,0,8,6
57,2,7,0,8,6
57,2,8,0,8,6
57,2,9,0,8,6
57,2,10,0,8,6
57,3,1,0,8,6
57,3,2,0,8,6
57,3,3,0,8,6
57,3,4,0,8,6
57,3,5,0,8,6
57,3,6,0,8,6
57,3,7,0,8,6
57,3,8,0,8,6
57,3,9,0,8,6
57,3,10,0,8,6
57,4,1,0,8,6
57,4,2,0,8,6
57,4,3,0,8,6
57,4,4,0,8,6
57,4,5,0,8,6
57,4,6,0,8,6
57,4,7,0,8,6
57,4,8,0,8,6
57,4,9,0,8,6
57,4,10,0,8,6
57,5,1,0,8,6
57,5,2,0,8,6
57,5,3,0,8,6
57,5,4,0,8,6
57,5,5,0,8,6
57,5,6,0,8,6
57,5,7,0,8,6
57,5,8,0,8,6
57,5,9,0,8,6
57,5,10,0,8,6
57,6,1,0,8,6
57,6,2,0,8,6
57,6,3,0,8,6
57,6,4,0,8,6
57,6,5,0,8,6
57,6,6,0,8,6
57,6,7,0,8,6
57,6,8,0,8,6
57,6,9,0,8,6
57,6,10,0,8,6
57,7,1,0,8,6
57,7,2,0,8,6
57,7,3,0,8,6
57,7,4,0,8,6
57,7,5,0,8,6
57,7,6,0,8,6
57,7,7,0,8,6
57,7,8,0,8,6
57,7,9,0,8,6
57,7,10,0,8,6
57,8,1,0,8,6
57,8,2,0,8,6
57,8,3,0,8,6
57,8,4,0,8,6
57,8,5,0,8,6
57,8,6,0,8,6
57,8,7,0,8,6
57,8,8,0,8,6
57,8,9,0,8,6
57,8,10,0,8,6
57,9,1,0,8,6
57,9,2,0,8,6
57,9,3,0,8,6
57,9,4,0,8,6
57,9,5,0,8,6
57,9,6,0,8,6
57,9,7,0,8,6
57,9,8,0,8,6
57,9,9,0,8,6
57,9,10,0,8,6
57,10,1,0,8,6
57,10,2,0,8,6
57,10,3,0,8,6
57,10,4,0,8,6
57,10,5,0,8,6
57,10,6,0,8,6
57,10,7,0,8,6
57,10,8,0,8,6
57,10,9,0,8,6
57,10,10,0,8,6
58,1,1,0,8,7
58,1,2,0,8,7
58,1,3,0,8,7
58,1,4,0,8,7
58,1,5,0,8,7
58,1,6,0,8,7
58,1,7,0,8,7
58,1,8,1,8,7
58,1,9,1,8,7
58,1,10,0,8,7
58,2,1,0,8,7
58,2,2,0,8,7
58,2,3,0,8,7
58,2,4,0,8,7
58,2,5,1,8,7
58,2,6,1,8,7
58,2,7,1,8,7
58,2,8,0,8,7
58,2,9,1,8,7
58,2,10,0,8,7
58,3,1,0,8,7
58,3,2,0,8,7
58,3,3,1,8,7
58,3,4,1,8,7
58,3,5,0,8,7
58,3,6,1,8,7
58,3,7,1,8,7
58,3,8,0,8,7
58,3,9,1,8,7
58,3,10,0,8,7
58,4,1,0,8,7
58,4,2,0,8,7
58,4,3,0,8,7
58,4,4,0,8,7
58,4,5,0,8,7
58,4,6,0,8,7
58,4,7,0,8,7
58,4,8,0,8,7
58,4,9,0,8,7
58,4,10,0,8,7
58,5,1,0,8,7
58,5,2,0,8,7
58,5,3,0,8,7
58,5,4,0,8,7
58,5,5,0,8,7
58,5,6,0,8,7
58,5,7,0,8,7
58,5,8,0,8,7
58,5,9,0,8,7
58,5,10,0,8,7
58,6,1,0,8,7
58,6,2,0,8,7
58,6,3,0,8,7
58,6,4,0,8,7
58,6,5,0,8,7
58,6,6,0,8,7
58,6,7,0,8,7
58,6,8,0,8,7
58,6,9,0,8,7
58,6,10,0,8,7
58,7,1,0,8,7
58,7,2,0,8,7
58,7,3,0,8,7
58,7,4,0,8,7
58,7,5,0,8,7
58,7,6,0,8,7
58,7,7,0,8,7
58,7,8,0,8,7
58,7,9,0,8,7
58,7,10,0,8,7
58,8,1,0,8,7
58,8,2,0,8,7
58,8,3,0,8,7
58,8,4,0,8,7
58,8,5,0,8,7
58,8,6,0,8,7
58,8,7,0,8,7
58,8,8,0,8,7
58,8,9,0,8,7
58,8,10,0,8,7
58,9,1,0,8,7
58,9,2,0,8,7
58,9,3,0,8,7
58,9,4,0,8,7
58,9,5,0,8,7
58,9,6,0,8,7
58,9,7,0,8,7
58,9,8,0,8,7
58,9,9,0,8,7
58,9,10,0,8,7
58,10,1,0,8,7
58,10,2,0,8,7
58,10,3,0,8,7
58,10,4,0,8,7
58,10,5,0,8,7
58,10,6,0,8,7
58,10,7,0,8,7
58,10,8,0,8,7
58,10,9,0,8,7
58,10,10,0,8,7
59,1,1,0,8,9
59,1,2,0,8,9
59,1,3,0,8,9
59,1,4,0,8,9
59,1,5,0,8,9
59,1,6,0,8,9
59,1,7,0,8,9
59,1,8,1,8,9
59,1,9,1,8,9
59,1,10,1,8,9
59,2,1,0,8,9
59,2,2,0,8,9
59,2,3,0,8,9
59,2,4,0,8,9
59,2,5,1,8,9
59,2,6,1,8,9
59,2,7,1,8,9
59,2,8,0,8,9
59,2,9,1,8,9
59,2,10,1,8,9
59,3,1,0,8,9
59,3,2,0,8,9
59,3,3,1,8,9
59,3,4,1,8,9
59,3,5,0,8,9
59,3,6,1,8,9
59,3,7,1,8,9
59,3,8,0,8,9
59,3,9,1,8,9
59,3,10,1,8,9
59,4,1,0,8,9
59,4,2,0,8,9
59,4,3,0,8,9
59,4,4,0,8,9
59,4,5,0,8,9
59,4,6,0,8,9
59,4,7,0,8,9
59,4,8,0,8,9
59,4,9,0,8,9
59,4,10,0,8,9
59,5,1,0,8,9
59,5,2,0,8,9
59,5,3,0,8,9
59,5,4,0,8,9
59,5,5,0,8,9
59,5,6,0,8,9
59,5,7,0,8,9
59,5,8,0,8,9
59,5,9,0,8,9
59,5,10,0,8,9
59,6,1,0,8,9
59,6,2,0,8,9
59,6,3,0,8,9
59,6,4,0,8,9
59,6,5,0,8,9
59,6,6,0,8,9
59,6,7,0,8,9
59,6,8,0,8,9
59,6,9,0,8,9
59,6,10,0,8,9
59,7,1,0,8,9
59,7,2,0,8,9
59,7,3,0,8,9
59,7,4,0,8,9
59,7,5,0,8,9
59,7,6,0,8,9
59,7,7,0,8,9
59,7,8,0,8,9
59,7,9,0,8,9
59,7,10,0,8,9
59,8,1,0,8,9
59,8,2,0,8,9
59,8,3,0,8,9
59,8,4,0,8,9
59,8,5,0,8,9
59,8,6,0,8,9
59,8,7,0,8,9
59,8,8,0,8,9
59,8,9,0,8,9
59,8,10,0,8,9
59,9,1,0,8,9
59,9,2,0,8,9
59,9,3,0,8,9
59,9,4,0,8,9
59,9,5,0,8,9
59,9,6,0,8,9
59,9,7,0,8,9
59,9,8,0,8,9
59,9,9,0,8,9
59,9,10,0,8,9
59,10,1,0,8,9
59,10,2,0,8,9
59,10,3,0,8,9
59,10,4,0,8,9
59,10,5,0,8,9
59,10,6,0,8,9
59,10,7,0,8,9
59,10,8,0,8,9
59,10,9,0,8,9
59,10,10,0,8,9
60,1,1,0,9,2
60,1,2,1,9,2
60,1,3,0,9,2
60,1,4,1,9,2
60,1,5,0,9,2
60,1,6,0,9,2
60,1,7,1,9,2
60,1,8,0,9,2
60,1,9,0,9,2
60,1,10,1,9,2
60,2,1,0,9,2
60,2,2,1,9,2
60,2,3,1,9,2
60,2,4,0,9,2
60,2,5,0,9,2
60,2,6,1,9,2
60,2,7,0,9,2
60,2,8,1,9,2
60,2,9,0,9,2
60,2,10,1,9,2
60,3,1,0,9,2
60,3,2,1,9,2
60,3,3,1,9,2
60,3,4,0,9,2
60,3,5,1,9,2
60,3,6,0,9,2
60,3,7,1,9,2
60,3,8,0,9,2
60,3,9,0,9,2
60,3,10,1,9,2
60,4,1,0,9,2
60,4,2,1,9,2
60,4,3,0,9,2
60,4,4,1,9,2
60,4,5,1,9,2
60,4,6,1,9,2
60,4,7,0,9,2
60,4,8,1,9,2
60,4,9,0,9,2
60,4,10,1,9,2
60,5,1,0,9,2
60,5,2,0,9,2
60,5,3,0,9,2
60,5,4,0,9,2
60,5,5,0,9,2
60,5,6,0,9,2
60,5,7,0,9,2
60,5,8,0,9,2
60,5,9,0,9,2
60,5,10,0,9,2
60,6,1,0,9,2
60,6,2,0,9,2
60,6,3,0,9,2
60,6,4,0,9,2
60,6,5,0,9,2
60,6,6,0,9,2
60,6,7,0,9,2
60,6,8,0,9,2
60,6,9,0,9,2
60,6,10,0,9,2
60,7,1,0,9,2
60,7,2,0,9,2
60,7,3,0,9,2
60,7,4,0,9,2
60,7,5,0,9,2
60,7,6,0,9,2
60,7,7,0,9,2
60,7,8,0,9,2
60,7,9,0,9,2
60,7,10,0,9,2
60,8,1,0,9,2
60,8,2,0,9,2
60,8,3,0,9,2
60,8,4,0,9,2
60,8,5,0,9,2
60,8,6,0,9,2
60,8,7,0,9,2
60,8,8,0,9,2
60,8,9,0,9,2
60,8,10,0,9,2
60,9,1,0,9,2
60,9,2,0,9,2
60,9,3,0,9,2
60,9,4,0,9,2
60,9,5,0,9,2
60,9,6,0,9,2
60,9,7,0,9,2
60,9,8,0,9,2
60,9,9,0,9,2
60,9,10,0,9,2
60,10,1,0,9,2
60,10,2,0,9,2
60,10,3,0,9,2
60,10,4,0,9,2
60,10,5,0,9,2
60,10,6,0,9,2
60,10,7,0,9,2
60,10,8,0,9,2
60,10,9,0,9,2
60,10,10,0,9,2
61,1,1,0,9,3
61,1,2,0,9,3
61,1,3,0,9,3
61,1,4,1,9,3
61,1,5,0,9,3
61,1,6,0,9,3
61,1,7,1,9,3
61,1,8,0,9,3
61,1,9,0,9,3
61,1,10,1,9,3
61,2,1,0,9,3
61,2,2,0,9,3
61,2,3,1,9,3
61,2,4,0,9,3
61,2,5,0,9,3
61,2,6,1,9,3
61,2,7,0,9,3
61,2,8,1,9,3
61,2,9,0,9,3
61,2,10,1,9,3
61,3,1,0,9,3
61,3,2,0,9,3
61,3,3,1,9,3
61,3,4,0,9,3
61,3,5,1,9,3
61,3,6,0,9,3
61,3,7,1,9,3
61,3,8,0,9,3
61,3,9,0,9,3
61,3,10,1,9,3
61,4,1,0,9,3
61,4,2,0,9,3
61,4,3,0,9,3
61,4,4,1,9,3
61,4,5,1,9,3
61,4,6,1,9,3
61,4,7,0,9,3
61,4,8,1,9,3
61,4,9,0,9,3
61,4,10,1,9,3
61,5,1,0,9,3
61,5,2,0,9,3
61,5,3,0,9,3
61,5,4,0,9,3
61,5,5,0,9,3
61,5,6,0,9,3
61,5,7,0,9,3
61,5,8,0,9,3
61,5,9,0,9,3
61,5,10,0,9,3
61,6,1,0,9,3
61,6,2,0,9,3
61,6,3,0,9,3
61,6,4,0,9,3
61,6,5,0,9,3
61,6,6,0,9,3
61,6,7,0,9,3
61,6,8,0,9,3
61,6,9,0,9,3
61,6,10,0,9,3
61,7,1,0,9,3
61,7,2,0,9,3
61,7,3,0,9,3
61,7,4,0,9,3
61,7,5,0,9,3
61,7,6,0,9,3
61,7,7,0,9,3
61,7,8,0,9,3
61,7,9,0,9,3
61,7,10,0,9,3
61,8,1,0,9,3
61,8,2,0,9,3
61,8,3,0,9,3
61,8,4,0,9,3
61,8,5,0,9,3
61,8,6,0,9,3
61,8,7,0,9,3
61,8,8,0,9,3
61,8,9,0,9,3
61,8,10,0,9,3
61,9,1,0,9,3
61,9,2,0,9,3
61,9,3,0,9,3
61,9,4,0,9,3
61,9,5,0,9,3
61,9,6,0,9,3
61,9,7,0,9,3
61,9,8,0,9,3
61,9,9,0,9,3
61,9,10,0,9,3
61,10,1,0,9,3
61,10,2,0,9,3
61,10,3,0,9,3
61,10,4,0,9,3
61,10,5,0,9,3
61,10,6,0,9,3
61,10,7,0,9,3
61,10,8,0,9,3
61,10,9,0,9,3
61,10,10,0,9,3
62,1,1,0,9,4
62,1,2,0,9,4
62,1,3,0,9,4
62,1,4,0,9,4
62,1,5,1,9,4
62,1,6,0,9,4
62,1,7,1,9,4
62,1,8,0,9,4
62,1,9,0,9,4
62,1,10,1,9,4
62,2,1,0,9,4
62,2,2,0,9,4
62,2,3,0,9,4
62,2,4,0,9,4
62,2,5,0,9,4
62,2,6,1,9,4
62,2,7,0,9,4
62,2,8,1,9,4
62,2,9,0,9,4
62,2,10,1,9,4
62,3,1,0,9,4
62,3,2,0,9,4
62,3,3,1,9,4
62,3,4,1,9,4
62,3,5,0,9,4
62,3,6,0,9,4
62,3,7,1,9,4
62,3,8,0,9,4
62,3,9,0,9,4
62,3,10,1,9,4
62,4,1,0,9,4
62,4,2,0,9,4
62,4,3,0,9,4
62,4,4,0,9,4
62,4,5,0,9,4
62,4,6,0,9,4
62,4,7,0,9,4
62,4,8,0,9,4
62,4,9,0,9,4
62,4,10,0,9,4
62,5,1,0,9,4
62,5,2,0,9,4
62,5,3,0,9,4
62,5,4,0,9,4
62,5,5,0,9,4
62,5,6,0,9,4
62,5,7,0,9,4
62,5,8,0,9,4
62,5,9,0,9,4
62,5,10,0,9,4
62,6,1,0,9,4
62,6,2,0,9,4
62,6,3,0,9,4
62,6,4,0,9,4
62,6,5,0,9,4
62,6,6,0,9,4
62,6,7,0,9,4
62,6,8,0,9,4
62,6,9,0,9,4
62,6,10,0,9,4
62,7,1,0,9,4
62,7,2,0,9,4
62,7,3,0,9,4
62,7,4,0,9,4
62,7,5,0,9,4
62,7,6,0,9,4
62,7,7,0,9,4
62,7,8,0,9,4
62,7,9,0,9,4
62,7,10,0,9,4
62,8,1,0,9,4
62,8,2,0,9,4
62,8,3,0,9,4
62,8,4,0,9,4
62,8,5,0,9,4
62,8,6,0,9,4
62,8,7,0,9,4
62,8,8,0,9,4
62,8,9,0,9,4
62,8,10,0,9,4
62,9,1,0,9,4
62,9,2,0,9,4
62,9,3,0,9,4
62,9,4,0,9,4
62,9,5,0,9,4
62,9,6,0,9,4
62,9,7,0,9,4
62,9,8,0,9,4
62,9,9,0,9,4
62,9,10,0,9,4
62,10,1,0,9,4
62,10,2,0,9,4
62,10,3,0,9,4
62,10,4,0,9,4
62,10,5,0,9,4
62,10,6,0,9,4
62,10,7,0,9,4
62,10,8,0,9,4
62,10,9,0,9,4
62,10,10,0,9,4
63,1,1,0,9,5
63,1,2,0,9,5
63,1,3,0,9,5
63,1,4,0,9,5
63,1,5,0,9,5
63,1,6,0,9,5
63,1,7,1,9,5
63,1,8,0,9,5
63,1,9,0,9,5
63,1,10,1,9,5
63,2,1,0,9,5
63,2,2,0,9,5
63,2,3,0,9,5
63,2,4,0,9,5
63,2,5,1,9,5
63,2,6,1,9,5
63,2,7,0,9,5
63,2,8,1,9,5
63,2,9,0,9,5
63,2,10,1,9,5
63,3,1,0,9,5
63,3,2,0,9,5
63,3,3,1,9,5
63,3,4,1,9,5
63,3,5,0,9,5
63,3,6,1,9,5
63,3,7,0,9,5
63,3,8,1,9,5
63,3,9,0,9,5
63,3,10,1,9,5
63,4,1,0,9,5
63,4,2,0,9,5
63,4,3,0,9,5
63,4,4,0,9,5
63,4,5,0,9,5
63,4,6,0,9,5
63,4,7,0,9,5
63,4,8,0,9,5
63,4,9,0,9,5
63,4,10,0,9,5
63,5,1,0,9,5
63,5,2,0,9,5
63,5,3,0,9,5
63,5,4,0,9,5
63,5,5,0,9,5
63,5,6,0,9,5
63,5,7,0,9,5
63,5,8,0,9,5
63,5,9,0,9,5
63,5,10,0,9,5
63,6,1,0,9,5
63,6,2,0,9,5
63,6,3,0,9,5
63,6,4,0,9,5
63,6,5,0,9,5
63,6,6,0,9,5
63,6,7,0,9,5
63,6,8,0,9,5
63,6,9,0,9,5
63,6,10,0,9,5
63,7,1,0,9,5
63,7,2,0,9,5
63,7,3,0,9,5
63,7,4,0,9,5
63,7,5,0,9,5
63,7,6,0,9,5
63,7,7,0,9,5
63,7,8,0,9,5
63,7,9,0,9,5
63,7,10,0,9,5
63,8,1,0,9,5
63,8,2,0,9,5
63,8,3,0,9,5
63,8,4,0,9,5
63,8,5,0,9,5
63,8,6,0,9,5
63,8,7,0,9,5
63,8,8,0,9,5
63,8,9,0,9,5
63,8,10,0,9,5
63,9,1,0,9,5
63,9,2,0,9,5
63,9,3,0,9,5
63,9,4,0,9,5
63,9,5,0,9,5
63,9,6,0,9,5
63,9,7,0,9,5
63,9,8,0,9,5
63,9,9,0,9,5
63,9,10,0,9,5
63,10,1,0,9,5
63,10,2,0,9,5
63,10,3,0,9,5
63,10,4,0,9,5
63,10,5,0,9,5
63,10,6,0,9,5
63,10,7,0,9,5
63,10,8,0,9,5
63,10,9,0,9,5
63,10,10,0,9,5
64,1,1,0,9,6
64,1,2,0,9,6
64,1,3,0,9,6
64,1,4,0,9,6
64,1,5,0,9,6
64,1,6,0,9,6
64,1,7,0,9,6
64,1,8,1,9,6
64,1,9,0,9,6
64,1,10,1,9,6
64,2,1,0,9,6
64,2,2,0,9,6
64,2,3,0,9,6
64,2,4,0,9,6
64,2,5,1,9,6
64,2,6,1,9,6
64,2,7,1,9,6
64,2,8,0,9,6
64,2,9,0,9,6
64,2,10,1,9,6
64,3,1,0,9,6
64,3,2,0,9,6
64,3,3,1,9,6
64,3,4,1,9,6
64,3,5,0,9,6
64,3,6,1,9,6
64,3,7,1,9,6
64,3,8,0,9,6
64,3,9,0,9,6
64,3,10,1,9,6
64,4,1,0,9,6
64,4,2,0,9,6
64,4,3,0,9,6
64,4,4,0,9,6
64,4,5,0,9,6
64,4,6,0,9,6
64,4,7,0,9,6
64,4,8,0,9,6
64,4,9,0,9,6
64,4,10,0,9,6
64,5,1,0,9,6
64,5,2,0,9,6
64,5,3,0,9,6
64,5,4,0,9,6
64,5,5,0,9,6
64,5,6,0,9,6
64,5,7,0,9,6
64,5,8,0,9,6
64,5,9,0,9,6
64,5,10,0,9,6
64,6,1,0,9,6
64,6,2,0,9,6
64,6,3,0,9,6
64,6,4,0,9,6
64,6,5,0,9,6
64,6,6,0,9,6
64,6,7,0,9,6
64,6,8,0,9,6
64,6,9,0,9,6
64,6,10,0,9,6
64,7,1,0,9,6
64,7,2,0,9,6
64,7,3,0,9,6
64,7,4,0,9,6
64,7,5,0,9,6
64,7,6,0,9,6
64,7,7,0,9,6
64,7,8,0,9,6
64,7,9,0,9,6
64,7,10,0,9,6
64,8,1,0,9,6
64,8,2,0,9,6
64,8,3,0,9,6
64,8,4,0,9,6
64,8,5,0,9,6
64,8,6,0,9,6
64,8,7,0,9,6
64,8,8,0,9,6
64,8,9,0,9,6
64,8,10,0,9,6
64,9,1,0,9,6
64,9,2,0,9,6
64,9,3,0,9,6
64,9,4,0,9,6
64,9,5,0,9,6
64,9,6,0,9,6
64,9,7,0,9,6
64,9,8,0,9,6
64,9,9,0,9,6
64,9,10,0,9,6
64,10,1,0,9,6
64,10,2,0,9,6
64,10,3,0,9,6
64,10,4,0,9,6
64,10,5,0,9,6
64,10,6,0,9,6
64,10,7,0,9,6
64,10,8,0,9,6
64,10,9,0,9,6
64,10,10,0,9,6
65,1,1,0,9,7
65,1,2,0,9,7
65,1,3,0,9,7
65,1,4,0,9,7
65,1,5,0,9,7
65,1,6,0,9,7
65,1,7,0,9,7
65,1,8,0,9,7
65,1,9,0,9,7
65,1,10,1,9,7
65,2,1,0,9,7
65,2,2,0,9,7
65,2,3,0,9,7
65,2,4,0,9,7
65,2,5,0,9,7
65,2,6,0,9,7
65,2,7,0,9,7
65,2,8,0,9,7
65,2,9,0,9,7
65,2,10,0,9,7
65,3,1,0,9,7
65,3,2,0,9,7
65,3,3,0,9,7
65,3,4,0,9,7
65,3,5,0,9,7
65,3,6,0,9,7
65,3,7,0,9,7
65,3,8,0,9,7
65,3,9,0,9,7
65,3,10,0,9,7
65,4,1,0,9,7
65,4,2,0,9,7
65,4,3,0,9,7
65,4,4,0,9,7
65,4,5,0,9,7
65,4,6,0,9,7
65,4,7,0,9,7
65,4,8,0,9,7
65,4,9,0,9,7
65,4,10,0,9,7
65,5,1,0,9,7
65,5,2,0,9,7
65,5,3,0,9,7
65,5,4,0,9,7
65,5,5,0,9,7
65,5,6,0,9,7
65,5,7,0,9,7
65,5,8,0,9,7
65,5,9,0,9,7
65,5,10,0,9,7
65,6,1,0,9,7
65,6,2,0,9,7
65,6,3,0,9,7
65,6,4,0,9,7
65,6,5,0,9,7
65,6,6,0,9,7
65,6,7,0,9,7
65,6,8,0,9,7
65,6,9,0,9,7
65,6,10,0,9,7
65,7,1,0,9,7
65,7,2,0,9,7
65,7,3,0,9,7
65,7,4,0,9,7
65,7,5,0,9,7
65,7,6,0,9,7
65,7,7,0,9,7
65,7,8,0,9,7
65,7,9,0,9,7
65,7,10,0,9,7
65,8,1,0,9,7
65,8,2,0,9,7
65,8,3,0,9,7
65,8,4,0,9,7
65,8,5,0,9,7
65,8,6,0,9,7
65,8,7,0,9,7
65,8,8,0,9,7
65,8,9,0,9,7
65,8,10,0,9,7
65,9,1,0,9,7
65,9,2,0,9,7
65,9,3,0,9,7
65,9,4,0,9,7
65,9,5,0,9,7
65,9,6,0,9,7
65,9,7,0,9,7
65,9,8,0,9,7
65,9,9,0,9,7
65,9,10,0,9,7
65,10,1,0,9,7
65,10,2,0,9,7
65,10,3,0,9,7
65,10,4,0,9,7
65,10,5,0,9,7
65,10,6,0,9,7
65,10,7,0,9,7
65,10,8,0,9,7
65,10,9,0,9,7
65,10,10,0,9,7
66,1,1,0,9,8
66,1,2,0,9,8
66,1,3,0,9,8
66,1,4,0,9,8
66,1,5,0,9,8
66,1,6,0,9,8
66,1,7,0,9,8
66,1,8,1,9,8
66,1,9,1,9,8
66,1,10,1,9,8
66,2,1,0,9,8
66,2,2,0,9,8
66,2,3,0,9,8
66,2,4,0,9,8
66,2,5,1,9,8
66,2,6,1,9,8
66,2,7,1,9,8
66,2,8,0,9,8
66,2,9,1,9,8
66,2,10,1,9,8
66,3,1,0,9,8
66,3,2,0,9,8
66,3,3,1,9,8
66,3,4,1,9,8
66,3,5,0,9,8
66,3,6,1,9,8
66,3,7,1,9,8
66,3,8,0,9,8
66,3,9,1,9,8
66,3,10,1,9,8
66,4,1,0,9,8
66,4,2,0,9,8
66,4,3,0,9,8
66,4,4,0,9,8
66,4,5,0,9,8
66,4,6,0,9,8
66,4,7,0,9,8
66,4,8,0,9,8
66,4,9,0,9,8
66,4,10,0,9,8
66,5,1,0,9,8
66,5,2,0,9,8
66,5,3,0,9,8
66,5,4,0,9,8
66,5,5,0,9,8
66,5,6,0,9,8
66,5,7,0,9,8
66,5,8,0,9,8
66,5,9,0,9,8
66,5,10,0,9,8
66,6,1,0,9,8
66,6,2,0,9,8
66,6,3,0,9,8
66,6,4,0,9,8
66,6,5,0,9,8
66,6,6,0,9,8
66,6,7,0,9,8
66,6,8,0,9,8
66,6,9,0,9,8
66,6,10,0,9,8
66,7,1,0,9,8
66,7,2,0,9,8
66,7,3,0,9,8
66,7,4,0,9,8
66,7,5,0,9,8
66,7,6,0,9,8
66,7,7,0,9,8
66,7,8,0,9,8
66,7,9,0,9,8
66,7,10,0,9,8
66,8,1,0,9,8
66,8,2,0,9,8
66,8,3,0,9,8
66,8,4,0,9,8
66,8,5,0,9,8
66,8,6,0,9,8
66,8,7,0,9,8
66,8,8,0,9,8
66,8,9,0,9,8
66,8,10,0,9,8
66,9,1,0,9,8
66,9,2,0,9,8
66,9,3,0,9,8
66,9,4,0,9,8
66,9,5,0,9,8
66,9,6,0,9,8
66,9,7,0,9,8
66,9,8,0,9,8
66,9,9,0,9,8
66,9,10,0,9,8
66,10,1,0,9,8
66,10,2,0,9,8
66,10,3,0,9,8
66,10,4,0,9,8
66,10,5,0,9,8
66,10,6,0,9,8
66,10,7,0,9,8
66,10,8,0,9,8
66,10,9,0,9,8
66,10,10,0,9,8
