OD;Abolição;Acari;Alto da Boa Vista;Anchieta;Andaraí;Anil;Bancários;Bangu;Barra da Tijuca;Barra de Guaratiba;Barros Filho;Benfica;Bento Ribeiro;Bonsucesso;Botafogo;Brás de Pina;Cachambi;Cacuia;Caju;Camorim;Campinho;Campo Grande;Campo dos Afonsos;Cascadura;Catete;Catumbi;Cavalcanti;Centro;Cidade Nova;Cidade Universitária;Cidade de Deus;Cocotá;Coelho Neto;Colégio;Complexo do Alemão;Copacabana;Cordovil;Cosme Velho;Cosmos;Costa Barros;Curicica;Del Castilho;Deodoro;Encantado;Engenheiro Leal;Engenho Novo;Engenho da Rainha;Engenho de Dentro;Estácio;Flamengo;Freguesia (Ilha);Freguesia (Jacarepaguá);Galeão;Gamboa;Gardênia Azul;Gericinó;Glória;Grajaú;Grumari;Guadalupe;Guaratiba;Gávea;Higienópolis;Honório Gurgel;Hunaitá;Inhaúma;Inhoaíba;Ipanema;Irajá;Itanhangá;Jabour;Jacarepaguá;Jacarezinho;Jacaré;Jardim América;Jardim Botânico;Jardim Carioca;Jardim Guanabara;Jardim Sulacap;Joá;Lapa;Lagoa;Laranjeiras;Leblon;Leme;Lins de Vasconcelos;Madureira;Magalhães Bastos;Mangueira;Manguinhos;Maracanã;Marechal Hermes;Maria da Graça;Maré;Moneró;Méier;Olaria;Osvaldo Cruz;Paciência;Padre Miguel;Parada de Lucas;Parque Anchieta;Parque Colúmbia;Pavuna;Pechincha;Pedra de Guaratiba;Penha;Penha Circular;Piedade;Pilares;Pitangueiras;Portuguesa;Praia da Bandeira;Praça Seca;Praça da Bandeira;Quintino Bocaiúva;Ramos;Realengo;Recreio dos Bandeirantes;Riachuelo;Ribeira;Ricardo de Albuquerque;Rio Comprido;Rocha;Rocha Miranda;Rocinha;Sampaio;Santa Cruz;Santa Teresa;Santo Cristo;Santíssimo;Saúde;Senador Camará;Senador Vasconcelos;Sepetiba;São Conrado;São Cristóvão;São Francisco Xavier;Tanque;Taquara;Tauá;Tijuca;Todos os Santos;Tomás Coelho;Turiaçu;Urca;Vargem Grande;Vargem Pequena;Vasco da Gama;Vaz Lobo;Vicente de Carvalho;Vidigal;Vigário Geral;Vila Isabel;Vila Kennedy;Vila Kosmos;Vila Militar;Vila Valqueire;Vila da Penha;Vista Alegre;Zumbi;Água Santa
Abolição;1509.293;;;;238.432;;;;260.035;;81.961;;;;;;;;1612.904;;;;;;;;;;;;;;;;;66.401;;;;;;1690.562;7.291;;;;917.979;975.232;;;;;;32.306;;;;;;;;;;;;;;;32.346;;;;;;;;;;;;;;;;;;347.994;;;36.402;222.868;;69.404;;;329.315;;237.173;;;;;;;;;;160.929;177.653;;;;;;;;;196.337;;;;;73.748;;;;;;;;;;;;;;896.177;;;;;;65.24;;;;;;;;;;;;;231.393;;43.445;;;;
Acari;;;;;;;;;;;;;;;;;;;;;;;;;;;;;;;;;;;;;;;;;;;;;;;;;;;;;;;;;;;;;;;;;;;;;;;;;;;;;;;;;;;;;;;;;;;;;;;;;;;;;;;;;;;;;;;;;;;;;;;;;;;;;;;;;;;;;;;;;;;;;;;;;;;;;;;;;;;;;;;;;;
Alto da Boa Vista;;;5901.867;;8.726;14;;;1940.426;;;;;;;;;;135.109;4.612;;193.008;;;156.063;;;;108.252;;;;36.908;;181.83;1452.98;;;;;352.266;;20.883;59.366;;29.763;;19.186;73.113;293.05;;39.085;;;;;7.465;9.991;;;74.782;2147.151;;;491.167;;;1543.44;;210.362;;601.111;;;101.123;258.664;;;;;558.264;;602.231;1047.153;;;5.098;149.339;;116.313;430.552;44.966;;208.613;;438.523;;54.474;;;70.161;;;94.584;;;;460.765;2.363;;;;;;45.993;141.435;;83.466;45.875;;;215.358;1168.837;;;;;;26.01;;;;;;;156.995;257.961;;4.51;;;1589.764;13.028;;;221.709;;;;;;;9.22;42.866;;646.784;;;;;;
Anchieta;;;;3163.192;;;;559.005;302.014;;;;;;;80.109;;;215.679;;;;;;74.496;;;;;1267.762;;;;;;51.958;;;;;;;217.864;;;;;119.106;146.016;186.305;;77.408;112.188;;;;;;;1558.892;;71.611;;146.016;;;;;205.563;;;;;;;;;;;;157.246;;;;;;205.64;280.959;;284.158;85.557;1648.64;;175.928;;146.016;;285.154;;;;2524.967;;1774.722;98.198;;103.913;;;;;;;;;;;233.416;48.734;;;295.347;;;;;;217.852;;45.176;;75.294;;;;;814.7;;143.704;;;;147.811;;;;;;;;;;;;;698.851;119.883;310.937;;;;
Andaraí;159.51;;11.633;;;54.854;;348.079;71.266;;;;;72.007;;;;;38.289;;;;;;228.808;;;;746.349;;;;;52.5;82.763;191.226;;;;;139.6;;;;;180.578;;605.422;80.31;116.501;;;;67.276;;;;731.377;;;;129.585;;;;;;;12.961;;;82.44;;;;;;;;;22.251;;;;;;136.518;;36.692;;1274.171;;156.041;297.451;;1249.12;;;;;;;;;;;29.91;155.467;129.712;;;;;301.45;262.612;;;;155.411;;;;;;;;;;251.019;30.294;;;;;;20.166;22.908;;;;189.821;2536.611;;;31.356;;;;;;;;287.457;2710.632;;;211.097;;;;;
Anil;;;18.288;;122.965;122.965;;;1661.366;;;;;;;;;;;;;;;;;;;;135.514;;475.151;;;;;61.119;;;;;;;;;;;;;;;;1143.291;;;;;;;;;;;;;;;;66.32;182.418;58.866;;908.13;;;;;;;;;;;;739.734;;;;;;;;;;;;217.61;;;;;;;;;157.905;;;;;;;;;252.936;;149.842;;54.771;283.053;;;;;;;;;;;;;;;;;146.706;;;169.117;;;;;;;;;;;;;199.208;;;;;;133.88;;;;
Bancários;;;;;;;;;;;;;;;;;;;;;;;;;;;;;;;;;;;;;;;;;;;;;;;;;;;;;;;;;;;;;;;;;;;;;;;;;;;;;;;;;;;;;;;;;;;;;;;;;;;;;;;;;;;;;;;;;;;;;;;;;;;;;;;;;;;;;;;;;;;;;;;;;;;;;;;;;;;;;;;;;;
Bangu;;;240.947;771.91;452.04;;;128170.031;6994.504;;105.099;;1733.267;886.388;;;;;1209.884;;485.548;40981.057;1690.023;1017.357;415.148;;;;424.28;571.656;284.626;;;;;1132.724;;;2455.224;313.053;165.707;1140.935;1740.845;;;104.626;2481.577;789.154;;137.91;;1158.66;756.214;;;;1928.84;387.552;;1521.424;63.394;2373.511;;363.566;;;239.217;1573.03;4937.879;48.619;;308.754;60.618;;288.63;;;;1982.835;;1793.885;;220.66;2460.76;339.733;;4272.042;5324.75;78.484;313.895;2922.775;4703;1047.625;557.359;;1514.3;;825.983;956.664;;325.061;360.611;;1513.661;416.161;363.543;742.266;970.373;521.473;;;;;;329.245;414.472;569.249;14901.911;479.021;;;228.012;;202.187;;;;4822.749;;20.029;2530.022;528.092;6858.492;4560.872;152.021;4.805;786.768;;;;;1006.319;492.597;;178.673;;1591.685;;;;;;147.327;322.618;;365.808;144.819;4948.145;;;;
Barra da Tijuca;759.015;;2477.125;919.766;100.799;2393.018;;5263.483;90840.1;;206.28;;402.314;429.074;;;678.412;;1613.89;1504.552;198.11;4747.836;270.388;1514.257;407.34;;;;294.158;2753.026;5649.343;;450.072;;298.684;5050.651;;;277.85;650.532;3751.895;926.585;56.039;52.859;;356.942;1623.251;1317.804;139.808;1319.053;;9859.963;1978.925;1187.384;;;205.323;1648.248;3.901;418.936;5317.937;11389.657;;277.85;390.895;138.644;;8662.131;1218.755;7779.384;;20736.225;86.091;;40.075;175.297;;720.324;370.757;;1541.398;;2326.272;6516.091;255.465;;2100.579;206.392;;626.82;3235.494;1082.95;;2711.987;;848.128;128.112;107.728;175.001;;;;;3046.137;2233.326;727.313;535.821;1930.358;1334.171;;;;;2948.405;900.996;171.781;1216.786;225.63;14932.86;584.07;;12.637;40.969;46.022;234.117;;213.997;6512.811;806.174;166.817;452.556;612.053;228.734;169.13;1146.171;3295.192;1041.158;;3990.861;;958.923;6367.628;216.328;;46.289;341.407;1955.725;1662.913;;;434.867;;78.068;4162.91;;96.997;;3102.556;;;;
Barra de Guaratiba;;;;;;;;;;;;;;;;;;;;;;;;;;;;;;;;;;;;;;;;;;;;;;;;;;;;;;;;;;;;;;;;;;;;;;;;;;;;;;;;;;;;;;;;;;;;;;;;;;;;;;;;;;;;;;;;;;;;;;;;;;;;;;;;;;;;;;;;;;;;;;;;;;;;;;;;;;;;;;;;;;
Barros Filho;121.38;;;;;;;873.499;67.443;;958.32;;542.687;87.659;;;;;67.214;;;74.291;;239.638;54.149;;;;39.476;33.523;;;53.539;;;51.046;247.898;;;;;335.265;64.979;;;;;;;;;203.029;11.452;92.687;;;;;;322.623;;;;108.298;;;;112.759;758.153;;;30.653;;;;;;;;;;;;65.45;;;347.053;;;;;965.902;;;;;;;;;;;;444.7;;;;38.536;;;;;;;71.1;;;134.651;;;;;;;93.423;;;;;;;;;;;;94.955;;;;;;54.149;;157.131;;;;;;;;;;;;;;;;;
Benfica;;;;;;;;;;;;470.258;;26.827;;;395.911;;66.32;23.614;;;;;;;;;;431.294;;;;;;57.863;;;;;;325.439;;;;76.947;;104.01;;;;;;;;;;;;;;;;;;;;;;;;;171.271;;;;;96.736;;;;;105.934;20.865;;;;80.951;;52.86;;139.539;64.43;;;145.948;;;;;;;;;;;;89.792;;;;;;;;104.8;;;;66.285;;;;;;;;;;;;;;;;;288.805;;;;;106.198;91.328;;;;;;;;;;;53.767;;;;;;;;
Bento Ribeiro;;;;;;;;1445.834;260.252;;401.332;;3098.962;154.051;;;;;420.6;186.407;81.872;1326.22;5.443;1020.472;;;;;;;;;;;403.985;;113.237;;;;;;14.858;;27.71;;;;;171.269;;;;;;;;887.381;;322.544;6.809;;;264.028;;;105.26;;908.929;;;162.355;81.343;;;;;;323.669;;;;;;;;3823.895;229.202;;;700.606;2156.014;;;;105.26;;2026.265;;;;;;333.214;;;;;;;;;;;319.765;141.623;127.63;1106.646;;;;;;;341.428;;25.62;;;;;626.221;;;;;61.673;;;;;;192.066;;60.299;;;;;;;;;;;;164.522;3973.682;;;;
Bonsucesso;;;;;110.023;;;1295.401;392.086;;74.482;87.728;329.81;2291.898;;90.434;;;40.571;;67.705;839.882;;362.445;179.229;;;;88.179;391.008;;;;;1151.592;321.674;144.124;;;;;1444.683;30.228;;;325.177;1352.796;457.335;61.518;;134.924;;416.841;47.198;;;;702.001;;65.616;;;;;;;;118.592;2226.569;;;209.521;2063.857;;;;;;;;18.026;;202.009;;;;651.384;265.025;;813.766;561.937;;307.703;4024.788;;763.398;687.746;;;;67.906;225.414;;180.965;;;2133.212;1108.842;191.79;;;;;;61.518;105.268;746.12;;125.432;100.451;;;27.935;193.16;721.887;;;28.886;69.516;;;58.786;;;;;618.231;;243.852;;;3240.575;20.191;;146.387;;;;;;;;;351.053;;295.915;;263.895;;;;
Botafogo;;;;;;;;;;;;;;;;;;;;;;;;;;;;;;;;;;;;;;;;;;;;;;;;;;;;;;;;;;;;;;;;;;;;;;;;;;;;;;;;;;;;;;;;;;;;;;;;;;;;;;;;;;;;;;;;;;;;;;;;;;;;;;;;;;;;;;;;;;;;;;;;;;;;;;;;;;;;;;;;;;
Brás de Pina;;;;177.368;;;;;294.57;;;;;139.628;;366.433;;;;;;;;;;;;;83.754;224.575;;;149.337;;;;1873.361;;;185.069;51.623;184.597;158.245;;;;168.149;;;;;;260.605;;;;19.394;;;;;;;;;;;98.488;7671.53;;;;;;;;;;;;74.654;;342.279;;;;;;;;190.076;;;618.636;;;;;;;185.833;;;;;;4828.593;12709.687;;;;;;;;217.622;281.47;;;;;;;;;;;;;;;;;;;;45.148;;;;;81.803;;;;;;;;;;;461.695;124.789;;;;;;;;
Cachambi;;;;;;;;;596.587;;;435.204;;;;;;;;;;45.582;;;;;;;;;;;;;;514.139;;;;;;1831.365;;;;311.747;317.884;278.572;;;;;75.616;;;;;133.175;;;184.357;1362.809;;;;;;123.807;24.671;;;99.761;1423.568;;;;;;;;;;238.391;742.335;;;261.426;180.637;;661.133;616.055;;362.93;170.071;;1473.995;;;;;;133.079;;;;;;136.74;424.756;;;;;;;548.287;;;;;;;76.179;202.871;;;;;;3.44;;;;;;20.166;356.141;;;;;256.918;835.154;;;;;;;;;;;672.316;;189.811;;;;;;
Cacuia;;;;;;;;;;;;;;;;;;;;;;;;;;;;;;;;;;;;;;;;;;;;;;;;;;;;;;;;;;;;;;;;;;;;;;;;;;;;;;;;;;;;;;;;;;;;;;;;;;;;;;;;;;;;;;;;;;;;;;;;;;;;;;;;;;;;;;;;;;;;;;;;;;;;;;;;;;;;;;;;;;
Caju;37.411;;142.627;414.802;28.499;;;2505.388;583.826;;189.364;68.262;236.681;91.532;;;;;4608.939;;131.621;1132.746;8.907;289.703;612.199;;;;34.154;429.296;39.408;43.82;171.054;;16.721;1155.012;;;610.702;;151.354;123.368;66.843;;;473.931;357.637;46.656;256.581;14.551;;;105.048;543.53;;;94.731;296.45;;247.688;214.013;296.807;;;50.232;;;1683.881;1318.567;;;141.723;105.897;;160.431;;;;;;206.263;;817.437;1043.108;;;392.916;;74.403;663.519;641.346;499.721;16.781;908.336;;70.86;22.379;;552.689;;22.053;195.258;;802.652;318.188;;521.752;748.052;255.872;;;;;25.096;564.267;;201.267;1007.254;6.768;94.371;;;69.667;;;;;281.128;135.012;125.749;368.947;177.109;;;;56.187;6008.333;;36.114;;240.75;750.511;;;;76.167;;;;;148.902;180.622;126.98;6455.847;;352.748;19.101;;;;;
Camorim;;;49.33;;;;;;374.102;;;57.399;249.401;;;;;;;36.688;67.037;;;;;;;;4.923;87.402;;;;;;;;;;;14.342;;;;;;;;;;;356.244;;;;;;;;;;;;;;;;;78.054;;;606.584;;;;;;;;;;;;;;;16.6;;;;;;;;;;;;213.005;;;;;;;;;;7.181;;;;;;;;;264.63;478.873;;;;;;;;;;;;;3.501;;;;;;;;;;;;;;;75.792;242.647;;;;;;;;;62.609;;;;;
Campinho;;;;;;;;789.219;153.644;;;;67.499;44.775;;;;;235.774;27.578;565.32;193.627;;57.03;;;;;;29.259;430.906;;;;;31.033;;;;;;126.792;11.706;;;82.885;;114.06;;;;610.849;;99.3;;;;;;;;;;;;;;;183.107;;;248.982;74.121;;;;;;;;;;45.699;;;;918.023;;;;45.699;;;;;95.349;;776.328;;;;;;;;;56.005;;;;;;;1217.022;57.03;138.306;;204.69;;;;90.857;;;;;187.282;;;;;;;;;;45.699;;;;;183.026;;;77.41;;;;;;;;;49.65;;;;1295.223;;;;
Campo Grande;;;166.347;;;;;23652.284;4921.869;;107.911;;364.184;302.358;;;23.477;;453.029;;167.336;174393.063;126.665;443.969;574.306;;;;;;;179.708;;;;;;;6115.903;;;227.207;119.907;;;;1076.118;;;521.435;;635.822;210.058;880.472;;;;583.629;14.951;785.691;14175.812;;;;;;4140.992;1815.346;1400.985;;;465.708;;;;;;179.708;900.616;;;;177.327;746.964;;;1075.638;;;9.699;1077.592;723.935;;358.162;;738.355;119.869;402.744;13875.36;;;;;784.332;;2606.151;46.85;532.557;173.158;;;283.241;;;272.255;;465.462;1002.526;677.022;;;;;;129.499;;;18230.637;126.896;;3182.441;;1119.577;5873.597;2622.215;;417.1;;219.765;;;554.554;252.965;;;261.158;306.778;83.766;;;;;;;;;194.917;;;;;
Campo dos Afonsos;;;;;;;;1840.099;51.025;;;;23.244;;;;;;12.69;;;376.497;703.698;125.446;;;;;;101.862;;;;;;;;;;;;8.194;30.006;;;;;21.861;;;;;101.592;;;;;;;298.718;;;;;;;;;188.162;;;75.45;;;;;;;240.551;;;;;;;;251.249;559.481;;;343.806;233.131;65.213;5.654;;34.454;;127.198;;;;;;25.119;;;12.15;65.119;464.524;;;;;;;;;357.355;;;;242.456;;;;;;104.407;;;203.045;;;;;;;;;;;38.265;;;;;;;;;85.27;;;;;;95.022;1246.552;;;;
Cascadura;;;;;;;;652.525;829.63;;56.67;;259.943;51.12;;;;;298.606;;358.301;99.168;22.098;1986.626;;;;;172.346;;;;331.767;;211.839;48.372;;;;;698.838;643.097;66.507;130.985;170.514;114.184;1209.663;752.709;;;;153.32;933.419;100.288;;;;254.906;;320.969;65.754;;;272.142;;64.949;;517.115;1442.283;32.136;;605.925;366.395;;;;;;138.308;;21.074;;;;;;2906.302;193.732;50.618;198.903;296.915;283.009;127.264;251.753;;1686.013;;1398.388;;;;;;619.7;144.901;;222.594;427.138;1344.797;;;;;1162.812;58.818;1650.289;;31.71;30.208;;;;;37.122;517.506;;;;;;;;;;68.559;133.179;379.492;;885.42;;39.702;830.12;471.991;;75.419;;42.397;225.218;;;794.087;;;51.992;;451.116;;385.839;;;;
Catete;;;210.391;183.386;;;;640.694;469.794;;89.652;;;102.264;;;;;912.21;;;674.92;;;3193.816;;;;;987.88;93.661;;;;;4176.631;103.627;;;;;;;;;206.524;405.917;419.386;859.556;1808.759;;;;643.099;;;1231.194;;;;;965.935;;;800.524;;;2927.865;;;;37.9;11.987;;159.646;286.146;;;;;117.962;;5352.856;261.042;1552.424;;;;;170.441;917.688;;;2094.424;;788.832;114.358;61.393;;;;;;;106.653;;;221.68;;;;;;;;;;;;;;;343.161;;;;;;2473.677;14.077;;828.471;355.256;;;177.598;1364.323;;;;;1454.762;967.163;;99.83;154.829;;;;;;;;89.956;;153.997;;;;;;
Catumbi;;;;;;;;;;;;;;;;;;;;;;;;;;;;;;;;;;;;;;;;;;;;;;;;;;;;;;;;;;;;;;;;;;;;;;;;;;;;;;;;;;;;;;;;;;;;;;;;;;;;;;;;;;;;;;;;;;;;;;;;;;;;;;;;;;;;;;;;;;;;;;;;;;;;;;;;;;;;;;;;;;
Cavalcanti;;;;;;;;;;;;;;;;;;;;;;;;;;;;;;;;;;;;;;;;;;;;;;;;;;;;;;;;;;;;;;;;;;;;;;;;;;;;;;;;;;;;;;;;;;;;;;;;;;;;;;;;;;;;;;;;;;;;;;;;;;;;;;;;;;;;;;;;;;;;;;;;;;;;;;;;;;;;;;;;;;
Centro;;;;;;;;;;;;;;;;;;;;;;;;;;;;;;;;;;;;;;;;;;;;;;;;;;;;;;;;;;;;;;;;;;;;;;;;;;;;;;;;;;;;;;;;;;;;;;;;;;;;;;;;;;;;;;;;;;;;;;;;;;;;;;;;;;;;;;;;;;;;;;;;;;;;;;;;;;;;;;;;;;
Cidade Nova;;;46.231;;295.112;147.155;;590.785;62.492;;169.495;;;59.935;;169.719;;;45.219;17.11;;;;150.019;;;;;49.879;36.549;;255.41;;;179.885;109.321;151.671;;;;;148.996;23.537;;;87.812;;529.414;257.749;147.963;;;33.061;61.729;;;;567.951;;797.456;;840.389;;;130.618;;;1131.753;138.329;;;104.446;658.677;;;60.841;;;;;;;399.399;31.178;118.241;;175.552;;196.495;15.792;811.184;;;111.317;;1417.929;;174.159;;;32.685;;;136.436;;;72.847;144.92;28.988;;;;;;565.355;;113.554;618.067;;60.315;;;171.448;88.343;58.275;;31.404;269.864;446.898;;;13.061;;242.918;71.564;;263.667;;;;;745.358;;;;10.235;;;;;66.094;;;932.229;;;;81.178;;;;
Cidade Universitária;;;;730.145;;;;1173.176;1247.66;;358.659;32.033;;28.97;;33.356;;;443.586;;27.237;;15.924;;534.582;;;;31.585;489.082;;495.551;;129.959;;602.597;842.754;;;;;147.414;81.698;;;808.112;222.678;;;161.823;20.325;923.915;151.312;26.841;;;;1052.267;;;;99.141;;;147.791;;;848.841;670.303;;;581.535;458.2;;;;;960.322;;;1481.391;;2429.998;277.331;;;1127.629;;;;407.334;450.034;202.088;4222.61;;838.204;157.848;;404.609;;110.498;669.532;;39.851;424.996;28.845;360.816;2719.232;611.471;;;664.95;;;228.925;134.408;254.675;23.789;692.383;;;;;273.803;;;;;543.51;41.31;;176.375;;;;23.114;685.238;;;;1683.469;2300.87;;;;320.637;;83.766;;;538.794;;;;;;;1236.01;;;;
Cidade de Deus;;;;;;286.787;;191.033;2832.068;;;;;;;;;;27.377;;;;;;90.08;;;;;;;;;;;;;;;;1162.473;;;;;;;524.969;89.806;;;1881.38;;;;;;;;;3.978;891.284;;;;;;;324.317;;;464.706;197.381;;;;;;;;;;;;;;141.618;161.487;;;414.652;;;211.76;;;;83.998;;;;;;;;;231.9;;90.246;;;;;;;;;;241.405;;;;;;;;;;;;;;;;;;;;1282.534;;;230.538;;;;;;66.605;;;;;;;;;;;;;;
Cocotá;;;;;;;;;;;;;;;;;;;111.465;;;467.056;;;;;;;1304.082;732.582;;3572.286;;;;;411.948;;;;;;;;;;;;;;1715.719;;2150.29;;;;;;;;;48.797;;;;;;;;;;;;;;;;4982.269;;;;;;;;;;;;;210.244;;;1094.983;;;;;;;220.735;;;141.165;;;;819.887;;;;5490.083;;;;;;;;;;;115.401;;;;;;;;;;;;;;527.626;;;;6908.623;568.061;368.51;;;;;;;;;;;;;;;;;;;
Coelho Neto;;;377.335;;;;;;564.923;;70.299;;;;;;;;96.912;;;;;561.441;;;;;;;;;615.005;96.678;;106.7;108.211;;;241.8;;776.697;15.953;;;;;;;66.427;;525.519;;;;;;;;103.813;;;;;;1003.889;;;2943.601;;;;;;;;;;;;;;96.463;;;;1387.308;;;;;603.739;;187.352;;;;;620.697;;377.013;;;1125.725;;;78.788;400.784;;;;;;;108.6;;;509.418;;;;;;;1650.642;;;;110.711;;;;232.553;;;;1853.297;;;;;;149.067;;235.205;;;;;;;;;;;403.803;;;;;;
Colégio;;;;;77.246;;;;;;;;;;;;;;;;;;;;;;;;;;;;96.678;149.819;;;103.911;;;;;;;;;;;;;;;;;;;;;;;;;;;147.297;;;;;3312.58;;;;665.499;;;;;;;;371.549;;;;;;1183.853;;;;140.638;;;94.738;;74.295;;;;;;;;82.265;;;;434.661;;;;;;;;;;;;;;;;;595.394;;;;;;68.317;;;;;;71.129;;;;;;;;64.559;;;;;;;;;;;;;;;;;
Complexo do Alemão;;;160.377;;95.709;;;;218.318;;;;633.405;794.266;;;;;24.767;;;;;240.038;;;;;396.053;;;;;;6527.606;132.221;;;;;;2073.984;;;68.435;97.157;2355.114;244.322;;152.878;114.298;;207.881;261.445;;;;;;1906.15;;284.932;;;;1977.636;;;868.312;;;;188.068;;;;;;;;1008.512;;;;;;;;90.359;31.2;1712.921;;531.307;3929.564;;776.441;2262.226;;;;263.894;;;1099.948;;;2099.39;748.342;;;;;;;620.365;;2559.198;;;;;;;;157.241;;;;;;;157.684;;;;;788.376;;;;107.44;167.749;110.008;;;410.892;;;;;322.546;;103.787;896.547;;140.088;;;;;;
Copacabana;104.358;;2373.466;231.873;;252.142;;1692.999;10794.059;;225.886;170.06;;851.616;;656.099;973.684;;3953.157;;86.254;;;226.202;8890.283;;;;40.526;4118.053;;;;;133.14;22434.481;730.275;;;;;189.826;33.923;34.868;155.44;1235.173;666.232;1864.33;377.047;1714.712;;519.706;60.623;2107.175;;;3626.56;459.411;;148.748;845.679;9974.317;;;1108.841;;;19329.706;945.709;535.594;;4706.207;1841.846;;;1039.599;;;14.994;;5583.513;;17719.196;9016.383;1965.152;;364.783;104.525;78.67;365.619;6030.472;159.024;539.654;1272.96;;7527.976;;921.43;;;;500.722;;120.858;83.209;182.649;1919.967;2055.735;866.971;;;123.491;;;;;218.363;231.301;590.658;418.756;;46.166;;308.608;;;48.749;381.119;4318.071;205.021;;531.704;;;197.4;1381.089;6650.084;;242.739;;1044.834;11797.356;737.129;;79.103;3394.93;120.763;53.026;;;34.622;1306.451;156.702;4590.431;;87.132;;;;;;
Cordovil;;;;;;;;;;;208.601;;588.248;225.929;;1182.927;;;;;;;;;124.839;;;;184.919;50.397;;55.779;138.474;;;315.309;899.276;;;451.022;294.665;121.199;33.184;;;;554.413;;1043.849;49.254;412.591;9.461;138.414;;;;;;;198.714;;842.754;;;343.45;;;1447.337;5839.426;;;;;;129.495;;;157.621;;;;;196.988;;;;209.546;;299.609;1258.314;522.3;346.61;;353.937;;;1384.044;94.757;;;62.566;;;129.495;;;3712.38;5561.047;;;;;;;191.427;;880.704;;;130.165;;;;13.294;159.831;;;;;37.236;;;;;;;395.797;;;;;;327.115;;;507.682;;;;;;;743.675;1128.918;;;23.708;;;;;
Cosme Velho;;;;;;;;;;;;;;;;;;;;;;;;;;;;;;;;;;;;;;;;;;;;;;;;;;;;;;;;;;;;;;;;;;;;;;;;;;;;;;;;;;;;;;;;;;;;;;;;;;;;;;;;;;;;;;;;;;;;;;;;;;;;;;;;;;;;;;;;;;;;;;;;;;;;;;;;;;;;;;;;;;
Cosmos;;;;;;;;1344.571;268.143;;;;;;;;;;921.888;;;6198.279;;;;;;;;;;;;;;;;;2439.472;;;;9.522;;;;;;;;;;;;;;;;;;491.308;;;;;;477.233;;;;;;;;;;;;45.033;;;;;580.337;;;;;;;55.175;;;;;785.12;;;2910.832;;;;;;;;;;;;;;;;;;278.127;574.626;;;;;;;;;;3777.695;;;;;;205.14;;;;;;;;138.185;;;;;;;;;;;;;;;;;;;;
Costa Barros;;;;;;;;332.013;159.216;;255.617;;;;;147.443;;;;;;;;;;;;;;87.666;;;233.673;;;;521.671;;;536.713;;;;;289.448;;;;;;;133.295;;76.45;;;;;;1335.614;;;;;;;;;575.968;;;;;;;109.326;;;;;;;365.073;;;;305.033;;;;;;;;;;;;;;1969.697;222.387;;2360.237;;;;313.491;;;;;;;;;97.63;90.545;;;;;;;;;;;;;;184.225;;;;;350.51;;;;;;190.62;;;103.938;;;;;;;;;;;;;;;;
Curicica;;;85.681;;300.999;;;;3162.523;;;;;;;90.735;;;74.097;8.577;;;;231.215;;;;;;;1047.355;;;;;;242.899;;;;2309.379;;14.777;;;130.242;;;;;;1058.695;12.049;;;;;618.319;;;;;;;;;;;286.751;;;4001.62;1243.485;;;80.859;;;;;;;;32.181;;;1663.039;;;55.176;;;;;;206.882;;;;;;;;;;;304.806;;;;;;;417.327;;151.744;;;222.673;;;;;;;;;;;;;;;;;789.18;27.135;;56.745;;;;;;;2.458;442.723;423.792;;;;;;198.64;;;;953.669;;;;
Del Castilho;2537.923;;;108.446;;;;240.358;354.558;;183.529;365.358;;1506.968;;183.375;1941.618;;204.306;;46.051;472.766;22.093;899.127;;;;;284.635;312.02;;;167.985;;1973.193;138.401;209.73;;;;;2385.195;35.828;141.066;49.02;1055.018;2273.029;2389.263;39.588;;;;560.386;245.186;;;;235.19;;196.132;;;;;240.674;836.705;;84.77;1778.435;;;380.895;2072.984;;128.624;663.743;;31.601;14.127;;544.962;;;90.105;;;796.918;;268.717;252.781;1748.54;274.329;1183.81;1888.212;;1063.897;162.705;212.892;;;171.004;118.524;;339.199;;;1320.352;1472.286;544.714;;;;;292.844;;1238.627;431.519;397.563;;744.747;;;;;49.585;;;;63.776;34.558;;62.287;;;;;904.073;;351.001;;439.511;124.098;1868.852;;285.98;377.817;;;;;391.195;;;755.972;;446.962;;553.209;;;;
Deodoro;8.733;;10.05;145.394;;;;2430.395;46.388;;88.891;;38.013;43.03;;111.55;;;300.075;;10.591;141.268;13.756;39.209;;;;;45.675;19.741;;;5.995;;;20.268;77.847;;;246.327;9.942;15.937;671.983;;;;199.787;29.173;;;6.498;213.666;19.597;15.455;;;;10.942;;912.055;;;;7.027;;;;9.079;733.872;;;169.296;;;;;;;58.222;;;;15.591;17.156;;;1025.431;301.023;;81.051;50.01;633.317;;83.258;;6.596;;57.245;;;;238.935;;148.096;;18.559;;56.891;14.924;;;;;7.937;8.498;37.787;5.35;306.4;;;;176.826;3.696;27.173;7.658;;;544.415;;;;15.27;;;;6.297;9.512;;4.373;;;318.719;27.379;;;87.825;;;;;7.915;;;12.636;;211.009;134.676;15.27;;;;
Encantado;;;84.499;;;;;37.066;;;;;;;;;;;;;;;;105.581;;;;;;;;;;;;17.662;;;;;;78.246;;;;;39.934;63.935;;;;;;;;;;;;;;;;;;;;;;;;;;;;;;;;;;;25.813;;;;38.831;;;;180.54;;;;;141.813;;;;;90.451;;;;;;;81.546;120.16;;;;;;78.159;37.218;;;;;;;;;;;;;;;;;;;;;50.076;;;;;;246.313;;;;;;;;;;;;;;;;;;;
Engenheiro Leal;;;;;;;;;;;;;37.7;;;;;;;;;;;244.356;;;;;;;;;;;79.914;26.894;;;;1284.987;;78.764;;;;;79.914;;;;;;;;;;;;;;;;;;;;;;155.033;;;;;;;;;;;;;;;;;;1115.79;;20.102;;;76.608;;;;37.019;;;;;;;;348.373;;;171.874;36.411;;;;;;;;127.423;;;;;;;;;;;;;;;;;;;;;;;;;;;119.296;;;;;;;;;;;;;;;;;;;
Engenho Novo;;;25.89;;;;;157.855;285.673;;;98.561;;201.478;;;393.551;;383.835;;73.087;;;246.189;111.725;;;;191.906;1242.886;1365.716;;;;109.438;857.69;;;;;325.122;709.572;;51.108;;1308.34;;841.964;;;;222.72;;128.962;;;;993.27;;;;;;62.441;;;;321.911;;;;;312.049;;;;;124.607;25.339;;90.503;;320.196;64.74;;;396.904;111.58;153.21;184.005;1667.881;151.293;64.545;699.464;;5337.197;;;;;;158.858;;131.896;109.682;;;;599.766;;;;;;195.394;1655.143;126.763;;42.962;414.535;;;25.783;505.656;;;191.39;;386.316;;;;47.902;;;95.633;493.369;;52.692;;47.254;1220.145;917.151;;;276.582;;;;;;;199.362;3401.07;;307.273;;;;;;
Engenho da Rainha;1031.9;;;;;;;2194.066;662.435;;;;;1373.201;;157.637;266.214;;187.46;;;303.679;;1357.373;142.152;;;;;649.9;;;68.226;;2264.543;548.231;163.884;;;;;3157.781;172.022;89.567;57.974;;6754.105;1617.16;22.594;;114.871;2316.437;556.423;37.849;;;;614.74;;1378.444;;;;423.91;;1205.918;;;2605.849;76.6;;375.472;695.465;;158.3;;;;;;;;89.302;178.174;;;560.014;;;454.317;894.341;2357.279;1236.009;1760.794;;2032.279;;708.073;;;39.996;186.145;;1277.847;;;235.76;1011.743;1533.483;;;;;115.118;;700.072;536.425;;33.597;;;175.782;;89.518;;;;67.093;255.793;;;27.95;206.355;;;;990.156;;;;745.242;93.473;2431.521;;60.668;;51.224;;;;404.103;;;622.063;;285.528;;260.48;;;;
Engenho de Dentro;565.665;;24.895;;730.224;;;959.918;3717.498;;;57.321;;365.597;;;502.445;;53.135;;68.955;;4.851;638.812;211.306;;;;232.121;;55.29;;;;149.308;409.898;;;;;;1434.149;17.497;98.877;;549.646;1682.776;5613.587;219.493;33.829;;774.449;627.373;;;;;136.177;;;;182.606;;230.174;;;;306.383;780.253;;;250.624;267.875;;;;;100.669;15.717;;;;167.12;403.823;;;1502.134;137.16;;129.939;1192.625;724.38;1252.589;831.354;;5333.913;;544.375;;;154.87;;;1322.116;405.338;;254.667;;1956.548;;;372.318;;;342.108;1603.443;143.314;;;370.208;;;;221.441;;;61.65;;55.062;;;425.955;;;;6.405;287.592;;300.232;;702.227;635.079;1156.784;;;;;;;;1292.958;;;821.076;;380.103;;;;;;
Estácio;;;83.824;485.357;84.216;;;;326.893;;;;;66.324;;;;;55.122;;;;;;89.591;;;;345.544;;108.588;;;;;293.858;79.332;;;;;71.444;;;;;87.576;58.957;629.897;;;;;28.849;;;;335.175;;;;32.563;;;;172.471;;35.524;102.878;159.674;;;;;;;;;69.541;;106.497;;84.216;138.57;;;;205.747;;251.082;283.508;;;;;61.878;;;;;;;;;;;1061.762;;;;;;;;400.858;;;;;;;;528.53;;;;;;949.224;11.39;;739.584;;;;;81.966;;71.487;;;317.834;59.403;;;10.479;;37.224;;;;;52.88;144.073;;;;1082.912;;;;
Flamengo;;;;;;;;163.071;944.225;;;;177.252;;;;;;17.1;;;333.905;;;3613.252;;;;397.577;305.865;;;134.49;;467.268;1294.454;101.355;;;;;;;;;;;;;2565.459;;141.293;;;;;833.113;411.713;;76.874;;848.488;;;464.416;;1210.906;2073.6;89.773;;;81.41;;;;;;;;;;;1494.225;642.809;743.196;;62.08;;52.79;15.792;459.882;;;;;103.298;;;;;25.031;50.963;;;;;;;54.808;;;;;;;78.109;78.524;;;;;;185.145;118.73;;;211.625;;1901.463;;;637.599;;;;17.321;152.212;;67.642;;;1201.52;;;;242.597;;;;;;472.356;67.749;;;;;;;;;
Freguesia (Ilha);;;;;;;;;;;;;;203.805;;;;;;;;;;;;;;;;18.829;;1736.92;;;;;1083.316;;;;;;17.945;;;;257.905;;;;1461.001;;1217.185;;;;;;;;;;;;;;;;21.694;;;;;;;;;2671.389;;;;;;;;;212.189;;;;;464.464;;196.469;;;;;;;;;;;;;;;;;;2403.055;;;;;;;367.45;;;;;;;;;;;;;;;;;;986.018;;;;6128.807;;;;;;38.674;;;;;;;671.478;;;;;;;;
Freguesia (Jacarepaguá);;;166.532;224.47;;1028.997;;2877.76;7877.466;;128.171;;;;;;;;;294.196;331.462;1116.097;;525.052;;;;;;568.485;2236.955;;178.236;;;617.692;20.628;;;981.018;890.098;;;;;120.96;395.845;1605.282;;92.612;;29590.732;206.111;;;;83.453;455.338;;111.29;939.657;1910.794;;;80.128;;;1179.313;1057.763;1952.068;;11709.232;;;;;;;;;;;;106.041;47.239;;1406.474;229.577;76.458;996.239;486.805;210.161;;;;400.212;;;;;84.294;;;362.15;2463.901;;146.757;202.502;518.209;;;;;1876.613;;;;118.104;445.385;;;121.529;;96.104;752.457;;;;;;;;;;;717.321;;;4329.535;;;444.898;152.803;;;;127.57;443.22;;;51.833;;;69.778;;;;345.528;;;;
Galeão;;;;76.526;;;;393.755;833.561;;47.267;;;297.73;;275.759;83.862;;185.354;;;466.418;89.053;135.718;;;;;197.92;316.381;;1809.462;;;144.685;29.881;159.396;;;;29.661;287.969;11.374;;;;478.013;67.638;;;1337.806;454.593;4815.254;19.141;;;17.571;275.709;;133.752;;436.019;;;;81.009;;100.709;647.244;;;59.056;70.452;;;15.863;;1674.02;191.393;;;;26.743;;;;;;;;2048.007;;;1134.482;;69.633;16.881;131.194;;;123.064;447.766;;252.498;12.007;;4338.42;774.746;138.028;;;5497.685;;;1042.31;96.241;2559.651;;319.841;;;;307.265;;172.659;;;85.308;422.746;;;24.081;;;;24.596;194.395;;35.942;;3517.534;218.922;;;;;83.096;;;;81.604;;;957.724;;62.333;;;;;;
Gamboa;26.527;;;;21.086;;;;89.552;;60.155;;;103.577;;;;;965.935;;30.241;766.246;;417.991;672.631;;;;173.697;13.529;;;;;305.256;176.953;;;;231.927;;262.389;41.595;;;60.507;37.107;;18.278;;;;13.577;897.722;;;306.806;;;195.024;;60.619;;461.567;64.331;;;207.909;46.523;;;;2236.323;;;;;;;;217.506;;87.099;36.326;;;138.132;;58.978;14.464;122.298;;;25.464;;82.658;31.908;2129.988;;;73.374;;;;121.582;;;145.769;291.184;;;;;;131.776;;;;;;;;;;;;;419.566;362.349;68.657;;384.689;;;109.754;;404.454;;73.777;;;2292.21;35.696;;37.783;13.281;;;;;;;;102.675;;;;;;;;
Gardênia Azul;;;;;;;;;;;;;;;;;;;;;;;;;;;;;;;;;;;;;;;;;;;;;;;;;;;;;;;;;;;;;;;;;;;;;;;;;;;;;;;;;;;;;;;;;;;;;;;;;;;;;;;;;;;;;;;;;;;;;;;;;;;;;;;;;;;;;;;;;;;;;;;;;;;;;;;;;;;;;;;;;;
Gericinó;;;;;;;;;;;;;;;;;;;;;;;;;;;;;;;;;;;;;;;;;;;;;;;;;;;;;;;;;;;;;;;;;;;;;;;;;;;;;;;;;;;;;;;;;;;;;;;;;;;;;;;;;;;;;;;;;;;;;;;;;;;;;;;;;;;;;;;;;;;;;;;;;;;;;;;;;;;;;;;;;;
Glória;;;7.43;;;;;594.906;272.194;;;;;;;140.296;;;276.123;;;144.902;;38.868;53.007;;;;;;;;;;;436.167;;;;;;;8.651;;;;;;;397.33;;156.349;11.218;197.209;;;50.305;;;;;117.338;;;217.674;;;747.452;15.027;;;45.318;;;398.748;61.768;;97.536;;;359.949;;16.808;;;;;;;;579.913;;;73.755;;;;;;;;;;;;;2.684;36.944;;;;;;377.061;;;;;;;;;;;;;;;544.51;31.047;;;;;;30.176;13.664;;;;;1021.703;;;;20.511;;;;;;;;40.668;;302.275;;;;;;
Grajaú;;;11.099;;915.368;214.986;;441.571;2471.605;;;;50.433;315.76;;;121.068;;372.813;;;571.908;;351.077;;;;;628.063;410.76;;;;;;111.502;;;;;1070.702;79.035;10.274;;;1069.895;568.056;119.192;287.234;80.813;;190.851;43.081;;;;;2897.635;;;;;;;;;;;99.003;;;75.539;315.76;;;;;;;;;;99.185;3667.24;;;137.957;;84.028;139.02;3643.958;159.474;87.786;489.81;;543.746;189.16;;;;;116.755;;;;;148.492;323.995;288.569;;;;;;1206.707;688.391;;;;;;;;;;;38.783;;196.092;53.395;;658.172;;;;5.503;1300.57;;;;;3962.281;494.721;;;;;;;;409.351;;;5446.701;;;;;;;;
Grumari;;;;;;;;;6.194;;;;;;;;;;;;;24.578;;;;;;;;;;;;;;;;;;;;;;;;;;;;;;;;;;;;;70.689;;12.612;;;;;;;;;184.86;;;;;;;;;;;;;;;;;;;;;;;;;;;;;;;;;;;;;;;;;;;;;;;;;12.899;;;;;;;;;;;;;;;;;;;;;;;;;;;;;151.332;;;;;;;;;;;;;;
Guadalupe;;;;1426.855;;;;1270.566;618.901;;260.169;;741.675;668.889;;;;;88.19;;;900.137;171.216;151.338;;;;;444.672;;;;13.187;;299.661;534.696;223.717;;;1075.175;;263.079;1150.573;;;;879.447;;;119.79;;292.038;79.312;;;;;;;2241.59;205.834;;;59.431;;;;79.102;2149.32;;;256.223;;;243.459;;;;;;85.013;;;;;;833.916;;;;150.587;825.5;;585.518;;157.787;;551.458;;;;677.145;;398.157;;;73.946;;134.23;;;;;104.567;;447.434;59.869;489.231;;;;112.035;;;232.208;;;;;;;;;;;;7.474;;;;;;69.916;;220.19;;;;;;;;;198.714;;;;259.197;;;;
Guaratiba;;;469.43;;;;;65.461;3837.037;;;;19.522;;;;623.128;;115.731;;;14309.244;;56.361;;;;;;;14.077;;;;;1238.661;;;792.928;;;;;;;;;;;;;224.012;;;;;1023.174;;7.94;77.426;13113.249;378.283;;;71.534;;350.17;61.533;219.05;;;556.372;;;;;;;;;;;;;;;272.634;;;6.54;;117.024;;;;173.666;;;;;;;;;;4709.498;;;;;;;;;17.621;;;;852.064;;;;;;;;;785.043;;;703.547;;;672.125;522.343;50.419;;;;;;;;;;;37.17;67.368;;;;148.651;;;;;;;;;;
Gávea;;;2278.274;81.82;748.572;;;1501.536;10349.136;;;;;167.221;;;751.971;;87.634;;;;;;1343.493;;;;772.993;158.09;618.185;131.001;;;931.997;3808.095;87.562;;;;;;9.934;;;;;212.755;502.517;319.604;;1647.419;658.228;44.556;;;144.948;;;;345.928;37674.509;;;725.185;;;8063.297;557.894;467.172;;4250.151;;;;2648.758;;464.298;13.749;;4334.256;;3422.998;9024.768;121.232;;;;;40.051;6860.392;;;1096.123;;;;614.629;;;;;;;1298.565;;;341.359;;;;;;829.586;961.994;;;211.151;;83.816;;;;;;;;;261.028;8.005;;;;;;3928.604;1173.053;;;;;1186.601;330.216;;;1249.595;;325.172;;;157.141;1040.528;;607.591;;;;167.717;;;;
Higienópolis;;;;;;;;;;;;;;;;;;;;;;;;;;;;;;;;;;;;;;;;;;;;;;;;;;;;;;;;;;;;;;;;;;;;;;;;;;;;;;;;;;;;;;;;;;;;;;;;;;;;;;;;;;;;;;;;;;;;;;;;;;;;;;;;;;;;;;;;;;;;;;;;;;;;;;;;;;;;;;;;;;
Honório Gurgel;;;;181.314;;;;188.725;110.842;;112.064;;413.255;;;;;;;;;;;149.681;;;;;;;;;;188.49;;;;;;;;110.794;12.1;;;368.381;229.426;181.496;;;;;;334.366;;;;;;67.893;;;;735.741;;;;97.866;424.835;;;25.583;;;;;;;;;;;;;;;627.037;;;;341.355;348.237;;;;120.997;;164.567;;;;;;292.473;;;46.218;135.086;194.352;;;364.088;;;;;;;;;;;;;932.564;;;;41.474;;;214.736;;;;;48.929;;;;;281.509;139.949;;;;;;;;44.113;;;37.077;;;105.914;;;;;
Hunaitá;;;411.838;;;;;;1092.187;;;;;;;;;;108.495;;;;;;908.547;;;;1161.824;1031.772;;;;;;1694.131;90.556;;;;;1082.33;;;;;;;;704.01;;902.505;;62.117;;;185.722;;;;266.977;3201.042;;;893.792;;;1945.161;364.745;;;833.541;143.069;;;636.317;;488.91;;;623.681;;2387.151;2105.134;118.928;;210.361;;467.348;43.151;1117.271;;;;;;;;;;;;;;;;;;;;;;;;;;;;253.556;;;;;759.564;;;;;1431.468;;;;;;;197.036;330.088;;;;;2153.147;;;;35.273;56.88;33.781;;;;;;;;;;;;;;
Inhaúma;;;;;;;;;31.385;;;;;;;;;;;;;;;79.599;;;;;;;;;527.546;;2148.129;;;;;;;1028.79;;;;;1406.311;;21.42;;;;706.52;;;;;;;;;;;;;195.456;;;141.128;;;132.484;;;;;;;;;;;;;;;;;;20.611;;;72.069;169.438;;;;;;;;;;;;;;334.745;72.414;;;;;;;169.856;76.669;;;;;;;;;;;;;;;;;;;;96.508;;;;;;56.498;;;;;;;;;;;;;303.238;;;;;;
Inhoaíba;;;;;;;;213.215;;;;;156.934;;;;;;;;;3625.822;;;;;;;;;;;;;;;;;681.591;;;;;;;;;;;;;;;;;;;;;;405.593;;;;;;1605.668;;221.5;;;;;;;;;;;;;;;;;;;208.21;;;;;;;;;;;855.578;;288.968;;;221.5;;;;;;;;;;;;;;;;;;;;;;;;433.09;;;525.892;;;579.574;;;;;;;;;;;;;;;;;;;;;;;;;;;;
Ipanema;;;899.825;;;137.904;;1406.815;6238.033;;86.856;;;232.687;;185.465;;;1321.983;;;636.327;;48.453;3722.169;;;;725.427;318.143;;;;;;10182.004;2336.279;;;;;52.692;8.411;;;484.913;;1468.413;275.629;2728.749;;1405.822;282.573;295.881;;;846.914;21.384;;242.271;;10495.646;;98.449;660.165;;;9167.611;;72.016;;1046.85;1405.997;;;1161.887;;;;;2557.037;;4642.905;9733.59;351.2;;;;403.088;688.725;505.74;;193.988;;;1475.362;;421.928;;;;37.213;;;;;;;117.537;;;;;148.943;458.255;;;631.445;185.965;;;;;;;;2377.65;;817.792;;;542.343;489.35;;;1445.263;3352.877;;;;291.298;3468.562;379.791;;;1223.927;;149.836;;;;772.177;;468.351;;48.07;;264.646;;;;
Irajá;115.27;;;143.421;16.31;276.744;;1461.258;532.277;;482.587;;1648.719;695.63;;3380.953;21.332;;1452.961;103.593;255.198;2981.253;55.577;1106.348;14.038;;;;163.664;481.275;610.299;;3181.88;2748.47;1414.362;176.346;4637.214;;;570.596;179.759;3718.619;694.756;;130.245;293.564;1987.476;1036.558;177.317;69.509;32.803;262.612;1339.586;197.818;;;22.338;102.393;;3009.731;332.23;274.893;;374.202;147.461;181.17;;;81632.226;7.123;;573.675;818.96;;1454.307;;;558.28;;;246.706;;27.079;63.9;24.504;;13661.7;;736.023;1113.701;1482.107;570.773;186.584;4546.952;;279.005;648.943;3697.315;1014.263;;2137.315;;;7304.407;329.19;9.271;2366.821;14591.801;647.407;;;182.686;;632.065;78.664;127.473;745.501;1574.371;887.95;39.183;;;338.815;271.182;2281.906;;;658.984;179.923;10.998;394.711;407.673;;;64.39;;3416.87;;46.468;;418.37;717.92;662.729;;1450.363;90.202;130.517;328.949;;;74.941;;1880.744;651.032;;2364.707;357.25;1215.348;;;;
Itanhangá;;;268.976;;;142.158;;48.107;12282.673;;;;;;;;;;;;;;;94.479;;;;;;;;;;;;1301.944;;;;;;;;;;;;;66.704;;;5450.416;;;;;541.462;;90.214;;;2485.765;;;;;;339.001;15.781;2257.216;;1974.42;;;;;;;;;86.749;;;804.646;199.974;;;;;;152.393;;;3454.167;;;;;;;79.599;;;;95.008;;63.031;;;;;;;117.044;;;;;352.181;;;;;;;;;261.77;41.062;;;;;;;592.104;;;59.333;;;14.583;;;;;;;;;;;;;;;;39.274;;;;
Jabour;;;;;;;;;;;;;;;;;;;;;;;;;;;;;;;;;;;;;;;;;;;;;;;;;;;;;;;;;;;;;;;;;;;;;;;;;;;;;;;;;;;;;;;;;;;;;;;;;;;;;;;;;;;;;;;;;;;;;;;;;;;;;;;;;;;;;;;;;;;;;;;;;;;;;;;;;;;;;;;;;;
Jacarepaguá;;;533.965;;53.409;778.108;;406.255;17667.255;;34.184;;249.52;740.698;;;185.568;;274.38;674.54;474.663;1412.553;26.545;961.732;27.199;;;;183.358;167.446;1072.159;;;;;2056.166;;;;;3815.346;938.218;251.003;;;311.838;178.456;107.744;;141.983;;13290.531;50.208;;;;438.281;;;35.82;656.84;4703.49;;28.574;204.719;48.747;;808.337;1568.98;1036.623;;13440.523;62.603;;;34.909;;;42.813;;1656.82;;238.976;3008.811;;;1805.528;136.768;;78.05;2101.612;262.567;160.112;361.085;;106.828;;51.588;472.952;;78.282;;;26.234;1529.488;;;223.704;979.715;;;68.911;;1298.642;;278.09;;399.115;2873.114;17.918;;71.691;;23.731;;;;517.658;;;;;;;;692.932;175.453;;4333.398;;254.249;838.971;106.796;;133.296;4.124;364.21;1781.238;;;28.459;;;649.2;;;;785.442;;;;
Jacarezinho;;;;;;;;25.207;208.511;;;190.016;128.448;1922.655;;;1673.611;;81.014;;83.583;;;148.732;89.57;;;;899.493;398.172;366.968;;;755.391;196.212;273.873;;;;;394.224;2255.416;;;;303.973;613.314;405.446;;;;;63.523;904.753;;;;965.642;;;;;;;61.175;;;325.52;784.583;;;99.066;3489.953;;;22.739;;;34.641;;32.169;;12.018;212.15;;;417.804;;190.333;180.991;450.678;;795.512;1422.168;;1722.247;;;;;198.548;;;;;;202.028;495.172;60.235;;;;;2916.825;91.15;232.796;245.839;31.122;5.586;;;;19.143;883.824;79.467;;;;75.399;7.316;;340.814;;;;;1046.568;;;;36.889;608.445;1667.753;;60.21;37.034;;42.676;;;75.295;;;1296.765;;177.657;;234.769;;;;
Jacaré;;;;;;;;;;;;;;;;;;;;;;;;;;;;;;;;;;;;;;;;;;;;;;;;;;;;;;;;;;;;;;;;;;;;;;;;;;;;;;;;;;;;;;;;;;;;;;;;;;;;;;;;;;;;;;;;;;;;;;;;;;;;;;;;;;;;;;;;;;;;;;;;;;;;;;;;;;;;;;;;;;
Jardim América;;;79.786;;;;;420.847;109.061;;;;;;;;;;67.916;;;;;;321.616;;;;;;;;;;;;170.032;;;;87.101;122.89;;;;;285.284;;;;;;;;;;195.173;;;290.216;;;;;;;;;687.497;;;;;;2088.62;;;;;;;;;;;;165.551;;;;;;86.809;1083.513;;;;;;;370.475;;;464.38;;;812.627;206.395;36.082;;;103.622;;;;;;;;37.547;;;;;;;;;;;;;;;;;286.033;;;;;;117.68;;;;;;;;;;1422.846;;;;;;;;;
Jardim Botânico;;;203.189;;;;;;105.389;;;;;;;;;;;;;;;;429.961;;;;47.081;;;;;;;2154.179;;;;497.358;280.409;113.561;;;;;;;;;;;34.641;;;;;;;;;2709.987;;;805.664;;;1399.986;;;;163.556;90.906;;;;;;;;162.423;;814.275;710.4;;;;;;72.227;;;;786.777;;;;63.582;;;;62.325;;;;;;;;;;;;;59.644;;991.328;;;;;;;;;;;121.65;1273.168;56.185;;;;;;232.138;246.57;;;;;22.571;;;;25.571;;;;;;;;50.436;;;;;;;;
Jardim Carioca;;;;;;;;;;;;;;;;;;;;;;;;;;;;;;;;;;;;;;;;;;;;;;;;;;;;;;;;;;;;;;;;;;;;;;;;;;;;;;;;;;;;;;;;;;;;;;;;;;;;;;;;;;;;;;;;;;;;;;;;;;;;;;;;;;;;;;;;;;;;;;;;;;;;;;;;;;;;;;;;;;
Jardim Guanabara;;;;;;;;;576.237;;;683.162;;;;;;;;;;279.924;;;;;;;;2885.287;;5886.037;;;;;157.621;;;;;70.172;;;;178.73;;149.587;;;3045.473;;1809.031;;;;176.363;;;;;;;;;;;;437.653;;;;;;;;;6396.877;;;;;126.57;;;;;;;6.707;376.724;;;558.678;;;152.592;;;;;;;82.265;;;;339.059;901.616;;;2542.919;;;;;110.589;;;;;;;;;;;266.6;;;;;;;;;;;;;4599.865;402.433;;;;;;;;;;;153.973;;;;52.629;;;;;
Jardim Sulacap;;;;;;;;2229.246;429.696;;;;951.622;;;;;;;;;1881.019;208.939;779.01;;;;;275.579;;;;;;;10.166;;;119.504;;;38.683;76.835;;;;;89.649;25.978;;;18.174;64.871;;;;;;;184.242;;18.305;;;;;;;;;;60.976;29.692;;;;;;1085.138;;;;24.561;;;;656.365;;;;344.024;150.753;;53.893;;;;914.114;;;;;;;119.613;;;;18.316;;;;;;;;;248.524;245.182;;;;;;;;;410.296;;;;;;;;31.874;687.875;;;;;;;;;;;;;;;;;;;;197.322;1285.694;;;;
Joá;;;;;;;;;;;;;;;;;;;;;;;;;;;;;;;;;;;;;;;;;;;;;;;;;;;;;;;;;;;;;;;;;;;;;;;;;;;;;;;;;;;;;;;;;;;;;;;;;;;;;;;;;;;;;;;;;;;;;;;;;;;;;;;;;;;;;;;;;;;;;;;;;;;;;;;;;;;;;;;;;;
Lapa;;;;;;;;;;;;;;;;;;;;;;;;;;;;;;;;;;;;;;;;;;;;;;;;;;;;;;;;;;;;;;;;;;;;;;;;;;;;;;;;;;;;;;;;;;;;;;;;;;;;;;;;;;;;;;;;;;;;;;;;;;;;;;;;;;;;;;;;;;;;;;;;;;;;;;;;;;;;;;;;;;
Lagoa;;;924.725;122.925;42.078;;;2211.984;1399.769;;;;;475.938;;172.62;;;693.802;;;;;28.311;253.732;;;;;1409.804;;;;134.232;903.795;3800.572;;;;;;145.176;;;;545.554;;;177.495;;;;;85.187;;;329.856;;;172.394;;4227.236;;;287.457;;;2383.511;477.579;802.042;;2162.486;128.605;;;183.865;;;;;1472.885;;1365.993;2175.173;;;;;;302.386;626.063;;;;;;1897.942;;;;;;;;694.864;;52.272;83.141;;;;;;;614.826;234.975;;;343.777;;;;;;;;;;1489.535;;;;;;;260.382;1722.373;;;;;1469.797;;;;91.834;;;;;;309.838;;57.767;;;;;;;;
Laranjeiras;;;1060.004;;;;;145.882;2130.161;;;94.321;;147.287;;272.48;302.626;;1114.78;;28.251;137.414;;40.576;6689.546;;;;728.88;1265.555;;;442.682;;;9257.278;455.334;;;158.535;;;26.58;34.698;;869.352;250.435;578.33;58.951;1103.463;;163.927;41.816;172.55;;;23.19;458.301;;24.3;;3238.555;;;1856.953;;;5189.968;26.83;;;265.07;25.544;;;940.044;;137.959;;;1391.092;;10305.676;1240.777;1579.021;;18.806;;46.672;14.657;1389.634;;;1509.105;;731.431;738.438;738.587;;;;423.475;;421.84;;192.329;748.476;200.602;113.704;;;;;;;298.389;318.685;53.802;;44.723;;;238.443;392.491;128.182;;44.892;;7466.483;177.932;;1099.814;;;;185.272;1449.328;;;;59.567;3175.052;87.759;;;1188.057;;127.959;;;74.174;70.615;;790.566;;;37.746;;;;;
Leblon;;;1140.637;;;355.813;;424.66;6358.14;;71.907;121.776;;;;;1470.885;;1248.771;;;895.927;;;96.727;;;;674.775;1575.226;;;;;;5487.673;;;108.189;;214.409;435.417;29.649;;;95.078;577.463;718.608;1465.418;212.61;;359.705;;89.435;;;66.167;3766.613;;;;11253.84;;;872.752;;;9739.426;252.669;535.912;;2996.286;170.86;;;527.689;;;;;1834.32;;2295.465;8742.539;;;;;;831.3;3497.247;182.202;316.66;1673.656;;;;;;;411.878;;;;;;;550.018;51.944;;;;;410.102;;121.959;;;627.05;;;;122.432;299.024;;;;;1846.902;64.89;;332.261;77.741;326.654;;1291.131;820.26;;;;;3947.959;2057.758;;;344.162;;53.952;;;;1001.821;;225.868;;;;215.675;;;;
Leme;;;;;;;;127.554;451.955;;;;;;;;;;;;;;;;2967.148;;;;399.106;;;;;;;3491.782;;;;;;;;;;;;;;1556.927;;246.9;;;;;;;;;;388.734;;;163.348;;;1407.389;613.074;168.138;;;;;;;;;;;;;3393.552;207.155;1144.1;;68.285;;;249.52;;;;344.125;;;;;;;;;;;;;129.061;397.505;;;;;;;;;;;90.651;;;;68.029;;;;;;64.655;18.669;;;;;;;86.264;;;;;;;;;2378.945;;;;;;76.451;;69.615;;;;;;;;
Lins de Vasconcelos;;;;;;;;;;;;;;;;;;;;;;;;;;;;;;;;;;;;;;;;;;;;;;;;;;;;;;;;;;;;;;;;;;;;;;;;;;;;;;;;;;;;;;;;;;;;;;;;;;;;;;;;;;;;;;;;;;;;;;;;;;;;;;;;;;;;;;;;;;;;;;;;;;;;;;;;;;;;;;;;;;
Madureira;332.231;;9.638;89.546;465.701;;;5529.18;510.03;;379.834;;4707.186;485.09;;;351.498;;120.52;19.704;518.787;451.601;333.143;3089.446;;;;;266.039;1538.938;440.188;;1199.208;1010.726;;75.477;270.367;;;206.125;501.779;847.393;1032.176;70.427;682.249;434.386;624.954;2299.375;;29.779;478.247;700.174;;13.73;;;172.574;424.664;;2374.675;38.738;;;1082.316;;;;;10082.993;;;1352.449;540.336;;276.602;;;;556.521;;;;18.989;;17.352;;7796.999;2738.956;89.482;140.124;530.778;9271.426;1328.563;2246.418;;696.848;171.092;7034.929;;;853.598;535.201;;1143.471;1404.507;;578.826;3535.994;1508.237;;;122.726;;4360.672;381.195;1893.978;600.443;276.622;295.368;;;;;44.939;763.118;;;334.538;565.601;;;162.466;;176.555;108.003;;645.118;;1170.563;;33.351;55.668;835.97;;809.696;60.707;91.329;64.418;;;951.804;;906.404;1142.321;;666.452;;5062.453;;;;
Magalhães Bastos;;;;470.79;;;;5158.826;558.827;;;;;383.864;;;159.633;;;;;;348.177;237.284;;;;;;;1383.988;;;;;56.588;;;;;;;243.972;;;115.801;;214.23;171.205;;;654.755;;;;;;;;;;;;;;;168.029;;;;;84.908;323.409;;;;;;;;;;;;;;3002.195;642.764;;;1013.878;721.878;;123.228;;158.421;;84.481;;;141.169;;;390.166;;;;;;;;;;;;1142.18;;862.327;;;;;;;;;;;;;;163.217;;;;;;;;;;349.981;;;291.966;;;;;;;;;206.392;;;;;;;;
Mangueira;;;;;49.84;;;97.688;;;;;;68.89;;;;;70.964;;;;;48.715;;;;;240.871;;;;;;91.51;132.848;26.515;;;;;237.961;;;23.738;108.132;;;;127.479;;71.452;;;;;;88.402;;;;;;;277.268;;;272.84;158.192;;;;184.419;;;;;;;;;;17.393;;;;84.341;;106.438;48.047;97.332;;189.429;570.799;;98.555;39.138;;;;;;;;;;;90.359;;;;;;;104.398;96.012;35.851;;;;;;221.744;;;;;;76.432;;;69.248;;;;;837.35;;80.236;;;254.386;;;;26.914;;;;;79.516;;;370.035;;;;;;;;
Manguinhos;20.19;;10.951;72.852;;94.219;;300.844;100.846;;;57.829;;1314.751;;;408.422;;794.12;;;16.2;;201.276;102.924;;;;7.285;;;;;;31.597;189.458;294.739;;;;;137.683;317.494;;;240.319;315.395;270.083;111.392;7.902;;214.38;;13.514;;;;469.474;;;8.611;6.177;;;6.476;29.401;;431.648;215.856;;;159.523;166.794;;;;;7.904;;;104.712;;172.68;203.966;66.723;;198.825;;50.025;1183.878;798.353;164.102;192.344;2264.263;;20.576;;21.405;;;10.535;;;77.216;2037.977;;395.051;1541.647;7.924;;;;;;130.685;;111.628;136.475;;19.69;;;;154.972;;;;40.752;344.86;19.918;;14.376;180.557;;36.422;6.789;2334.969;;;;;194.704;119.636;;;5.58;;;;;;;;291.234;;;37.166;;;;;
Maracanã;275.694;;478.727;79.588;1564.877;;;2086.244;2814.149;;;191.334;242.475;966.231;;59.502;1120.461;;506.139;;28.334;212.516;14.808;474.126;1458.951;;;;1176.77;415.485;595.049;126.695;;1015.389;1698.986;3311.34;915.81;;128.273;;;2256.433;111.437;237.855;;2087.623;2372.701;1279.78;1461.272;1261.097;;547.936;466.332;165.297;;;311.438;4731.317;;516.744;;2020.629;;162.624;654.247;;;375.039;1003.816;201.564;;1775.48;576.791;;;;;410.01;83.873;;594.308;;1171.113;2389.897;;;984.365;161.287;94.399;829.798;20383.045;84.023;1804.459;2145.219;;3237.99;1402.458;579.905;284.845;;397.177;53.988;;227.548;186.89;;2376.607;1866.686;686.517;;;1569.006;;112.538;243.549;615.942;559.951;214.86;289.501;508.827;;;342.365;962.626;;;95.265;;3066.632;221.976;;207.246;;;;158.65;2494.965;;148.618;;327.886;12835.656;294.143;;513.524;908.228;112.71;147.725;;;162.139;;841.792;5351.911;;100.559;100.52;320.769;;;;
Marechal Hermes;;;218.505;896.703;;;;5243.241;171.165;;598.471;114.289;2278.466;;;;;;432.953;;;1241.493;116.049;898.521;;;;;;1159.348;;;312.642;;;64.459;231.073;;;;;150.897;463.401;;224.092;74.699;1492.328;634.543;;;562.885;163.047;;;;;;69.158;;608.486;59.939;;;159.338;;;;;1371.806;;;134.479;;;;;;;95.354;;;;;165.843;;;6508.618;522.213;;231.204;724.411;3205.16;240.762;1777.763;;280.013;56.198;3164.559;;;348.612;260.423;;777.848;;;109.174;;1364.127;;;;;608.322;;60.078;55.954;955.765;61.381;;;;;;222.865;;;;;;174.937;;310.673;;120.684;;444.118;;816.023;;;68.996;254.238;;170.127;;;;;;32.996;;180.692;;;;39.312;2487.552;;;;
Maria da Graça;69.404;;;;130.424;;;512.032;;;;112.042;;258.146;;;467.321;;26.682;;;;5.568;240.575;;;;;;87.528;;;;;466.159;67.096;;;;;;1555.038;;;;85.248;1224.519;1485.941;;;;;;;;;;228.604;;;;;;;;68.855;;;516.877;;;304.537;772.31;;63.37;;;;;;;;81.922;1240.124;;;1449.632;;187.969;706.635;1630.09;99.782;1813.718;1004.569;;1323.392;;;;;;;;;;;567.553;;143.513;;;;;;;231.086;379.27;;;;;67.873;;;;;;;;;;141.59;;;160.924;;516.272;;;;;206.74;1441.14;;;75.558;;;;;;;287.457;660.236;;;;;;;;
Maré;;;;560.993;389.165;;;1709.645;1530.701;;;;;4183.075;;624.163;251.316;;1249.516;;;981.16;20.641;291.673;2715.25;;;;327.402;3945.441;402.116;432.45;496.024;;4953.181;1135.014;553.051;;;;;1770.188;289.436;;;868.625;1802.564;1866.343;;;134.405;;795.186;56.657;;;88.732;616.408;;827.229;;215.659;;;;327.332;;;4310.402;209.291;;291.111;1095.858;;920.376;714.022;;186.764;44.392;;;;561.978;4213.251;73.097;;920.539;;694.479;2327.747;7236.665;1900.654;868.258;32265.625;;2126.646;3069.86;213.667;;;1742.328;;;1418.413;;;3305.965;4642.5;1329.261;;;322.361;;;;537.376;6494.096;119.727;2102.713;100.581;;;;443.236;153.226;;;340.949;796.084;248.566;;1236.869;;;;6.405;1841.298;;;;1415.682;3290.017;466.689;;63.71;2.364;;;;;196.883;;334.232;1189.713;;575.388;;450.928;;;;
Moneró;;;;;;;;;;;;;;;;;;;;;;;;;;;;;;;;;;;;;;;;;;;;;;;;;;;;;;;;;;;;;;;;;;;;;;;;;;;;;;;;;;;;;;;;;;;;;;;;;;;;;;;;;;;;;;;;;;;;;;;;;;;;;;;;;;;;;;;;;;;;;;;;;;;;;;;;;;;;;;;;;;
Méier;536.608;;1012.935;159.983;452.879;202.111;;1161.884;339.971;;;186.902;99.136;848.118;;;1350.764;;153.038;;135.549;236.513;5.923;1938.058;173.36;;;;999.333;93.448;;;;48.818;866.228;1442.097;;;362.522;;163.47;985.433;222.875;283.441;26.856;4263.062;2062.028;6926.969;59.791;102.373;;918.48;672.564;176.2;;;;1011.828;;99.883;195.902;;;195.738;;;;3011.37;757.607;;;42.943;1765.852;;;;;;;;;;315.911;;;;1253.099;247.208;129.662;34.574;2738.177;288.056;1592.616;1693.998;;12443.267;;101.867;;;48.254;;;264.928;;;1858.399;1975.78;2984.229;;;1266.639;;;192.413;4040.804;376.025;;1211.117;370.192;;;;963.481;135.908;;143.789;;594.213;;;;;;;82.121;;;272.694;;;1154.372;1289.718;;;204.368;;;;;305.085;;;2957.73;;902.099;29.174;723.594;;;;
Olaria;;;;;;;;;37.126;;;;;629.269;;;;;41.175;;;506.569;;;93.284;;;;;146.388;;;;;2253.401;54.39;1766.205;;;;;329.601;;;;;;18.833;;;;;10.824;21.687;;;;294.041;;;;;;;;;;;2282.585;;;;;;;;;97.843;;;555.338;;87.687;;;;300.558;;48.006;;1615.994;234.839;;3079.3;;;670.732;;;;254.425;;;;;;971.353;3582.934;;;;;;;;;925.082;;;;;;;;;;;;677.913;;;;;;;;299.906;;;;;964.385;;;;5.245;;;;;;;;;;;;506.758;;;;
Osvaldo Cruz;839.158;;48.297;;;;;970.288;48.627;;;;2637.843;;;;;;;;314.655;993.889;128.456;5091.239;;;;;1102.245;;62.578;;;;;374.705;83.962;;;;;370.497;63.596;;;;194.894;660.805;;;;;70.897;575.651;;;;;;603.878;;520.922;;149.625;;;;35.155;3859.804;;;71.241;;;;87.616;;;1833.181;;;;88.25;;;;4864.397;101.01;;137.565;393.492;3745.366;;927.556;;121.562;;332.998;428.266;;;400.752;;859.273;;;216.814;1157.334;875.162;;;;;1330.052;;1161.449;102.734;317.191;55.082;;;;;88.25;;;;;;;;202.012;;;;;153.658;;;;;79.904;21.894;;675.601;;;;;;;;122.095;997.307;;260.146;;2433.497;;;;
Paciência;;;;;;;;830.98;228.716;;;;;;;;;;195.367;128.479;;14437.5;;;;;;;;1287.885;;;613.506;;;;;;2825.141;;;;;;;;;;;;;;;;;;;;;;;;;;;;555.802;;1028.441;;;190.431;;;;;;;;;;;;;;;59.921;;;;632.618;;;;;;;248.777;4860.862;;;;;;;411.124;838.41;;;;;;;;;;;;61.139;;;;;;;;;11616.483;;;160.311;;;428.178;804.915;;;;;;;177.663;;;;;;;;;;;;;;;;;;;;
Padre Miguel;;;;;;;;;;;;;;;;;;;;;;;;;;;;;;;;;;;;;;;;;;;;;;;;;;;;;;;;;;;;;;;;;;;;;;;;;;;;;;;;;;;;;;;;;;;;;;;;;;;;;;;;;;;;;;;;;;;;;;;;;;;;;;;;;;;;;;;;;;;;;;;;;;;;;;;;;;;;;;;;;;
Parada de Lucas;;;30.207;;;;;320.325;;;;;;58.417;;50.42;;;17.192;;;;;;;;;;22.395;29.652;;95.591;311.008;;1667.239;;51.18;;;1646.125;;701.205;;228.236;;;52.607;108.911;;12.542;;206.759;49.753;31.76;;;;;;;;;;;;;215.811;;1476.607;29.018;;69.856;81.314;;219.009;;;;;;;;;44.029;;;539.225;213.166;;8.292;188.458;524.318;;556.394;;45.861;78.412;;;;149.468;;;66.498;;;320.427;693.337;;;;;;;43.627;;55.663;;56.999;58.929;;;;;;;;;39.3;72.416;;42.299;;;;;250.765;;35.842;;259.132;;67.64;;;;;;;;100.549;;140.432;216.074;;;;724.791;;;;
Parque Anchieta;;;;2344.491;;;;148.449;;;;;;102.043;;;135.019;;158.49;;;;;;;;;;;304.285;;;;;;182.545;;;;224.863;;308.201;360.727;;;115.133;1095.89;;;30.343;;;1712.491;;;;;;;511.448;;;;;;;;48.475;;;;;;;;52.173;;;;;;;225.272;;;;644.736;;;;93.645;465.968;;;;;;242.946;;;;338.652;;361.276;;;338.148;91.772;;;;;;;;;;702.551;;;;249.66;;;99.124;;;;;;;;;;;;356.955;;;;;163.898;;;;;;;;;;;;;;;296.883;;;;;
Parque Colúmbia;;;;;;;;;;;;;;;;;;;;;;;;;;;;;;;;;;;;;;;;;;;;;;;;;;;;;;;;;;;;;;;;;;;;;;;;;;;;;;;;;;;;;;;;;;;;;;;;;;;;;;;;;;;;;;;;;;;;;;;;;;;;;;;;;;;;;;;;;;;;;;;;;;;;;;;;;;;;;;;;;;
Pavuna;;;42.279;2399.389;;;;1517.164;663.057;;432.516;;457.41;110.253;;;;;245.989;;;642.248;27.877;835.479;;;;;128.529;35.44;;107.012;1556.039;62.652;3436.384;66.431;267.998;;;2281.964;;1222.606;103.73;;54.454;185.726;1340.903;2648.739;;;;430.571;137.235;;;;;;;532.789;;;;340.197;;;293.39;;3976.774;;;28.709;;;472.842;;;42.603;;;;;198.058;;;;1011.531;278.097;;;185.746;1266.512;;911.859;;266.805;;1494.048;;;58.238;485.334;;18810.442;;;96.862;2097.739;127.602;;;83.81;;41.115;77.386;46.931;;499.193;328.871;;;700.268;;46.821;543.653;;;;;;;37.51;;;;;697.652;;27.164;;;258.102;117.264;;;77.443;;;;;105.638;;618.732;162.584;;;90.072;65.083;;;;
Pechincha;212.655;;;160.923;;144.22;;916.063;2123.246;;;;;;;;;;;;;;;103.005;149.314;;;;;492.647;;;;;;277.375;;;;;;;;;;100.023;;678.544;;;;1694.313;;151.248;;;;;;;;1718.545;;;;;;;154.417;68.748;;1431.009;;;;;;;51.726;;58.933;;;230.404;;;794.305;;;209.47;89.984;;;;;;;;;;;;;;1646.734;;;;743.709;;;;;403.994;;;155.129;;268.064;;;;;;;;;;;;;;;;;;;;1127.037;;;280.156;;;;103.384;;;;;;;;;;;;;;;;
Pedra de Guaratiba;;;;;;;;602.028;580.643;;;;;;;;;;;;;2867.018;;;;;;;;52.44;;;;;;259.003;;;;;;;6.355;;;;;;;;;;;;;;;;;;5214.234;;;;;;;;130.574;;;;;;;;;;;;;;502.285;;;;;;;;;;;;;;;;397.08;;;;;;;1791.411;;;;;;;;;;;106.639;;444.718;;;;;;;;;1015.974;;;142.643;;;;;;;;57.122;;;76.745;282.494;;;;;;;;;;;;;;;;;;;
Penha;;;;179.79;2.689;382.236;;1373.886;685.803;;;;;1297.06;;1170.208;;;492.017;;27.451;78.028;9.299;88.815;;;;;100.644;235.764;267.305;;145.369;;2020.803;1481.993;7766.279;;;;92.702;1889.12;;;52.343;155.126;218.783;342.903;588.336;;;180.82;1237.692;;;;30.977;491.351;;159.927;;;;79.996;435.353;;;;2718.888;79.1;;1278.804;150.086;;413.237;;;;;;12.335;;345.947;;64.053;;1101.919;;;606.366;1813.191;485.039;463.612;2534.168;;1963.258;967.782;433.606;;;558.652;124.502;;164.893;;;4372.921;12700.472;139.23;;;1130.349;;116.53;;381.998;3218.576;4.391;;;;;;;;;;;67.364;6.124;;;;;146.51;;839.715;;114.06;;240.098;649.067;311.725;;;4.219;;62.13;;;;;980.952;1076.179;;;;105.171;;;;
Penha Circular;;;267.046;;140.777;;;1626.943;2208.278;;55.562;32.966;;1191.138;;6377.225;149.763;;476.915;;;938.256;;783.734;382.918;;;;199.573;1676.013;;688.374;394.131;429.183;761.8;393.85;5986.186;;;413.733;;2199.226;34.627;;13.898;;1003.117;;;;;79.836;942.238;107.276;;;27.005;486.254;;;;327.121;;204.65;;245.195;;;18644.228;;;206.091;455.44;;246.727;;;126.288;;;477.271;;138.016;1078.265;636.935;;5578.596;;86.906;1485.149;1441.004;;;3879.967;;1039.848;2546.682;2655.125;;;931.36;81.674;;916.033;;;12319.545;19881.05;573.744;;;;;;108.597;64.285;1847.968;96.134;180.496;;;70.01;;216.313;206.696;;;632.129;328.966;;48.009;145.61;;;;10.433;1451.365;;670.352;;;339.102;496.696;;628.728;134.659;;271.084;;;289.741;;1566.672;501.542;;626.168;314.993;1480.258;;;;
Piedade;222.251;;5.951;;423.004;;;366.254;1112.844;;;;;167.584;;;290.404;;285.69;9.555;;446.048;115.8;1926.652;;;;;53.083;70.064;;;;;;232.604;;;;;;703.354;14.887;171.185;;597.205;1654.009;3002.965;;;;1503.401;124.316;167.584;;;;485.042;;350.184;;;;129.923;;93.585;;299.215;810.841;;;137.469;51.027;;63.275;;;1502.693;13.369;;502.458;;199.091;642.419;;;1780.414;;;13.723;1049.836;1216.802;167.584;364.299;;3231.628;;463.34;;;;;;48.831;158.301;;186.263;558.187;4479.947;;;;;487.225;;3483.297;;;;158.325;;;;45.989;;;;;;;210.928;139.969;;;68.437;53.151;542.398;;157.803;;;2146.975;1968.348;;269.032;;;116.139;;;76.906;;;522.377;;410.245;63.931;104.168;;;;
Pilares;;;;;;;;;;;;;;;;;;;;;;;;;;;;;;;;;;;;;;;;;;;;;;;;;;;;;;;;;;;;;;;;;;;;;;;;;;;;;;;;;;;;;;;;;;;;;;;;;;;;;;;;;;;;;;;;;;;;;;;;;;;;;;;;;;;;;;;;;;;;;;;;;;;;;;;;;;;;;;;;;;
Pitangueiras;;;;;;;;;;;;;;;;;;;;;;;;;;;;;;;;;;;;;;;;;;;;;;;;;;;;;;;;;;;;;;;;;;;;;;;;;;;;;;;;;;;;;;;;;;;;;;;;;;;;;;;;;;;;;;;;;;;;;;;;;;;;;;;;;;;;;;;;;;;;;;;;;;;;;;;;;;;;;;;;;;
Portuguesa;;;;;;;;;48.902;;;;;;;;;;;;;359.139;;;;;;;;832.685;;5439.488;;;362.51;172.127;;;;;;;;;;;;78.257;;;2490.649;;5092.686;;;;;;;;;;;106.398;;;;;286.872;;;70.207;;;;;;2813.68;;;;;;;;;133.908;;;;3098.364;;;770.207;;416.161;;;;;;;;82.208;;;1678.813;;;;;7400.719;;;;;688.06;;;;;;;;;;;;;;;259.521;;;;;259.226;;;;8068.556;836.431;;;;;;;;;;;;;;;;;;;;
Praia da Bandeira;;;;;;;;;;;;;;;;;;;;;;;;;;;;;;;;;;;;;;;;;;;;;;;;;;;;;;;;;;;;;;;;;;;;;;;;;;;;;;;;;;;;;;;;;;;;;;;;;;;;;;;;;;;;;;;;;;;;;;;;;;;;;;;;;;;;;;;;;;;;;;;;;;;;;;;;;;;;;;;;;;
Praça Seca;;;;;219.445;304.785;;;1203.212;;;;;;;;;;27.753;;2123.532;;;389.302;;;;;;;;;;;;;;;;;417.327;531.319;33.206;;;;338.445;13.028;;;;2039.058;;;;;986.204;;;85.44;;215.458;;;;;;143.585;1325.49;121.386;;1204.432;;;;;;;;;;;;658.909;;;5672.173;;;233.452;333.428;2658.48;;;;;;1005.576;;;;;;104.939;;;268.754;;454.173;;;;;4589.055;;;;926.545;;;;;;;243.506;;;;;;;;;;350.863;;;;2471.119;;;;222.184;;;;;;;;;;;301.199;;219.714;129.214;4653.914;;;;
Praça da Bandeira;;;24.703;;;;;288.035;635.242;;229.121;;179.808;70.169;;;;;329.858;;44.743;177.109;;42.183;;;;;465.206;;;;797.375;;763.371;;164.402;;;;;;8.75;255.674;;221.226;;219.683;536.083;;;;147.539;159.605;;;;3029.758;;;9.332;180.698;;;;;;322.848;48.867;;;;104.532;;;720.28;;;;;277.322;;;;;;78.831;;171.934;126.487;521.335;;;;;;;;;;78.203;;;85.461;;;;117.833;;;;;;;208.152;99.551;;;;72.183;;;;;;;;;87.849;;;;;;;91.607;228.091;;;;;1250.969;103.176;;;;;;;;;916.853;;798.546;;;49.691;;;;;
Quintino Bocaiúva;;;293.669;;;148.223;;444.853;329.165;;;127.101;127.269;118.574;;167.411;597.058;;;;141.725;;;1490.375;;;;;;64.978;36.835;;;;128.242;158.917;;;;;127.101;1032.242;29.855;77.067;89.222;751.998;713.658;2443.222;;39.33;;;40.663;;;;;171.866;;275.568;;;;;;177.778;;;202.083;;;45.81;248.151;;;;;;;;;;249.821;120.974;;;1739.952;501.596;64.212;;391.757;74.534;223.672;637.049;;3366.24;;216.613;;;;;;302.482;;;473.942;97.87;2635.47;;;;;;286.455;1087.956;58.381;;;;;;;94.042;103.208;;27.256;;;;;;;;;;340.773;;323.769;;;;1465.464;;168.502;309.537;;;;;485.271;;220.481;263.03;;242.658;;355.402;;;;
Ramos;;;;;;;;1493.69;738.84;;;;177.794;601.311;;185.906;;;319.65;;;969.818;;;;;;;151.254;320.2;;;;;2470.993;36.19;806.478;;736.355;1487.728;;381.469;16.998;;;209.049;957.934;308.438;;84.908;;;3621.919;;;;;;;237.761;;;;;;84.335;;461.01;314.778;;;;304.274;;;85.162;;177.712;;;;;224.756;;;;1226.231;;48.715;149.632;770.173;224.165;302.48;4948.443;;266.322;1124.019;;;;30.083;;;;836.746;146.081;4983.055;2936.642;;;;638.559;;;;130.634;1739.018;246.797;;;;;;162.183;;;;;45.912;;;;;;;;174.034;;;;1341.029;1149.805;;;;268.499;;;;;;;;150.33;;;;;;;;
Realengo;337.06;;26.879;161.159;;15.823;;13432.985;190.357;;100.539;;1499.872;;;;;;913.369;209.499;40.411;2245.332;283.476;21.14;;;;;264.35;253.747;;;355.141;;;88.511;1731.246;;432.818;54.392;;;300.656;;;;;;;;;14.406;;;;;;;;409.536;;146.778;;;;;;173.071;2710.406;;;248.787;34.802;;;;;;187;;;;35.503;;;;196.015;582.148;;99.991;90.682;1420.036;;238.495;;151.124;;294.654;;;;616.966;;207.918;;;3.789;19.013;;;;;;1098.545;;;1796.194;9303.883;782.934;;;;;;154.536;;;428.408;;;539.661;;;;;;432.023;;16.833;;;375.545;359.722;;;;;;;;;;;222.871;;396.777;292.001;671.81;;;;
Recreio dos Bandeirantes;;;200.526;126.834;524.415;341.392;;554.843;16145.358;;;;;46.152;;;;;54.575;292.078;;840.382;;88.81;;;;;;208.939;349.392;;;;;386.046;;;;;292.546;;;;;38.991;209.995;;;;380.312;1004.66;1117.04;;;;;;11.111;;1315.066;;;;55.963;;;242.301;500.09;243.132;;3493.289;14.485;;;;;;44.177;;446.152;;;1216.866;143.59;;462.314;;;;162.431;240.435;;479.208;;684.896;;720.026;278.008;;327.454;;;373.329;429.22;166.1;;;;;;;;;;;;2537.772;19959.742;;;114.711;547.235;;;;107.91;514.158;616.582;;163.625;;;;;231.191;482.106;;454.204;;185.346;473.464;265.544;;;;4757.435;1399.393;;;;;;185.81;;;;;;;;
Riachuelo;;;;;;;;;139.657;;;70.38;;70.38;;;;;99.18;;;;;;;;;;122.784;;;;;;114.305;116.971;114.649;;;;;588.055;;;;510.002;;205.351;;;;;;;;;;;;;;57.071;;;;;;188.173;185.1;;;18.273;;;122.729;;;;;;;;84.606;;;;;;;;442.728;;;66.157;;345.688;;;;;116.805;;;;;;;;;;;;;;60.574;;;;;;;;;;;;40.028;;;;;;;;;;23.228;;;;;172.146;62.153;;;;;;;;;;;237.347;;;;;;;;
Ribeira;;;;;;;;;;;;;;;;;;;;;;;;;;;;;;;;;;;;;;;;;;;;;;;;;;;;;;;;;;;;;;;;;;;;;;;;;;;;;;;;;;;;;;;;;;;;;;;;;;;;;;;;;;;;;;;;;;;;;;;;;;;;;;;;;;;;;;;;;;;;;;;;;;;;;;;;;;;;;;;;;;
Ricardo de Albuquerque;;;396.076;320.904;;;;180.51;23.634;;;;;;;;;;;;117.411;;264.755;109.187;;;;;;;;;;;;36.082;;;;;;;156.224;;;;120.821;;;;;;;;;;;;;143.367;;;;;;;;;;;;71.252;;;;;;;;;;;;;;;;;;;;;64.524;;;;;;;;;264.129;;708.808;;;;61.721;;;;;;;;;;102.635;207.304;;;563.554;59.115;;;;;;;;;;;;;;;;62.569;;;146.462;;;;;;;;;;;126.061;;;;;;;;;
Rio Comprido;;;321.535;;;;;;217.285;;;;;63.341;;;113.115;;149.978;;;;;;146.987;;;;235.055;;;80.796;;;;18.452;;;;;;;13.714;;;87.869;;;96.215;44.515;;;52.634;;;;;;;;;;;;;;;;99.098;;;;45.215;;;;;;;;;;342.424;65.028;17.142;;;;259.787;;493.197;;;;;;;;;;;;;;;;;;;;;;;;;;;;733.386;;;203.052;129.857;;;;;40.693;740.706;;;;;;;;132.795;;;;;652.861;;;;;;;;;;;;;;;27.114;;;;;
Rocha;;;;;;;;85.247;16.778;;;;;303.48;;;184.582;;;;;;;64.816;;;;;261.664;29.68;;;;;;108.462;49.798;;;;;;112.078;;;451.799;106.176;177.818;;29.876;;158.797;;;;;;;;;;;;;14.515;;;;46.366;;;43.871;1437.856;;;;;;;;;;77.231;390.894;;;96.461;;;110.685;1030.721;;;253.676;;1487.921;;62.786;;;;;;101.431;;;;298.8;22.429;;;;;;;148.722;201.669;;;;;;;;;;54.094;;166.521;;;;190.436;;;;351.916;;80.032;;;501.626;96.172;;;82.554;;;;;;;213.185;239.541;;;;;;;;
Rocha Miranda;;;;;;;;;112.396;;122.668;;625.271;167.515;;;;;;;;118.444;;501.212;;;;;70.238;;;;1640.127;616.744;116.437;;124.901;;;;;93.944;9.512;;;;;315.141;;;;276.407;188.005;;;;;;;755.626;;;;812.729;;;;;3797.263;;;;144.149;;;;;;;;;;57.915;;;;906.58;;;;;364.924;;180.669;;41.758;;;;;;96.604;;596.885;;;;138.474;;;;;;152.887;;103.341;;162.623;;;;;;;1277.226;;;;;;;;;;;;186.78;;;;;106.049;;;584.839;;;;;;;;;165.066;;;;460.132;;;;
Rocinha;;;;;;;;;;;;;;;;;;;;;;;;;;;;;;;;;;;;;;;;;;;;;;;;;;;;;;;;;;;;;;;;;;;;;;;;;;;;;;;;;;;;;;;;;;;;;;;;;;;;;;;;;;;;;;;;;;;;;;;;;;;;;;;;;;;;;;;;;;;;;;;;;;;;;;;;;;;;;;;;;;
Sampaio;;;;;;;;;233.052;;;;49.046;;;;;;;;683.142;;;;;;;;37.823;;;;;;;96.377;;;;;;;;;;170.807;;35.323;;774.356;;;;;;;;29.22;;;;;;;;;;492.338;;;;;32.697;;;;;;;;;;39.43;;;;;;;;66.748;;;;;87.348;;;;;;;;;;;;;;;;;;;;26.14;;;54.036;45.433;;;;70.998;;;;;;;;;;;;;45.898;;;;;34.524;26.659;;;15.897;;;;;;;;28.554;;;;;;;;
Santa Cruz;;;;258.897;;;;2816.926;4819.159;;;;;;;;;;306.197;;;18376.331;16.634;;;;;;555.492;;;;;;;342.724;;;2884.886;;;;174.754;;;;84.971;;;;;278.771;16.232;216.771;;;;;;;1013.096;;;;;;178.754;;623.366;207.234;;240.968;;;;98.982;;120.058;210.308;;;;287.219;;;;635.948;;;81.632;116.177;702.032;;128.779;;;;;11113.872;;;;;;;971.141;;815.508;;;;;;;;;;318.202;303.553;;;;;;;;;72528.823;;;687.027;;;397.638;6172.638;215.343;14.105;;;;;530.837;;;;;;;;;;;223.426;;;;27.194;237.827;;;;
Santa Teresa;;;78.654;;167.525;;;;841.02;;;;;90.439;;;;;92.105;;;299.043;;;1925.949;;;;701.929;70.236;;;125.633;;;1355.549;;;;;;211.984;;;;497.364;1731.967;189.202;1069.083;1143.284;;;61.631;671.011;;;401.17;1108.41;;;;1259.918;;254.739;896.606;291.662;;334.232;285.483;229.457;;;43.136;;;509.412;;;;;722.606;;4632.395;4674.71;7.062;;51.753;;84.604;285.722;1956.151;;;1423.055;;612.37;211.462;;;;27.374;;;;;;166.347;92.515;;;;;;;102.5;;57.982;;254.421;;;;436.613;316.991;;;;;5077.88;;;244.154;;;;3.719;329.99;;;;;3962.959;;;81.957;512.501;;31.995;;;;;110.464;1060.398;;170.339;24.179;;;;;
Santo Cristo;;;;363.39;11.528;;;6.847;176.526;;;;;;;;8.716;;204.85;;;;7.65;;32.769;;;;;31.357;;;;;;130.4;123.524;;;;;135.285;;;;;;;32.562;;;;;105.236;;;75.594;106.117;;;;11.418;;;;;;;6.988;;;;25.544;;;7.191;;;;;;;282.981;44.457;3.322;;;;;43.104;212.715;;;273.638;;;;;;;60.642;;;;;;49.84;;;;;;;;;;;;;;;;;;;;;;16.54;21.368;;599.214;;;11.502;;241.661;;;;;482.172;;;;26.978;;;;;;;;50.855;;;;;;;;
Santíssimo;;;;;;;;2300.963;272.647;;;;;;;;;;265.31;;;3130.04;63.761;;;;;;;;;;;100.503;;;;;;;;;;;;;;;;;;;;;;;;;;;711.825;;;;;;178.754;;661.032;;;;;;;;;;;;;;;;;;;;;;;187.433;;;;;;;111.435;;;;;;;171.004;;68.465;74.539;;;;;;;;;653.507;64.768;;;;;;;;;452.723;;;3675.83;;377.932;192.266;;;;;;;;77.219;;;;;;;;;;;;;;;;;;;;
Saúde;;;;208.74;;;;49.128;388.306;;;;;59.935;;;;;232.896;9.393;;;;;629.428;;;;32.339;165.085;;;;;753.258;2091.559;;;;339.019;;304.852;30.77;;;;;223.392;570.766;167.581;;;10.175;374.172;;;;222.41;;;;;;85.262;;;;72.403;730.297;;;;2343.825;;;;;;;;;;368.922;381.037;;;;455.175;179.992;15.387;292.771;;1287.182;610.513;;;;96.433;;;94.068;;;86.659;;;;221.335;651.02;;;131.66;;;;;;;;;;;;;;;;;231.454;372.357;;;;;;;107.07;;99.534;;;43.075;;;489.828;4.988;;;;;;;255.999;128.938;;205.822;;;;;;
Senador Camará;;;;;;;;5217.782;78.754;;;;;;;;;;;;;1106.089;;;129.553;;;;;;;;153.701;;;;;;;;;;;;;49.789;196.725;;;;;167.562;;;;;;;;;;;;;;;;142.188;;;;;;;;;;;;;;;;116.828;;;;;;2051.781;;247.554;;;;;;;;;;;;;;;;;;;;;;;;;;;;;;;;134.425;;;;;;;234.153;;;;;;;;;;;;;;;;;;;;;;;;;;53.73;;;;;
Senador Vasconcelos;;;;;;;;1088.396;21.77;;;;;;;;;;;;;4979.298;;;;;;;706.971;;;;;;;;;;132.208;;;;;;;;;;;;;;;;;;;;;;310.067;;;;;;389.962;;;;;;;;;;;;;;;;;;;;440.93;;;;;;;;;;;;370.365;;;;;;;;;;;;;;;;;;;;;;;;;;;;;165.682;;;460.263;;;1178.008;;;;;;;;;;;;;;;;;;;;;;;;;;;;
Sepetiba;;;;;;;;188.374;981.723;;;;;;;;;;;;;2585.517;;54.069;;;;;88.799;;;;;;;40.102;;;;;;;;;;;;;;;;;;79.881;;;;;;;819.652;;;;;;;;162.519;;;;;;;;;;;;;;;;;;397.656;;;6.688;;105.971;;;;;;;1089.245;;;;;;;;274.147;;57.412;;;;;118.39;;;;;;;;;;;;;;5854.944;;3.674;;;;;4351.828;;;;;;;;;;;;;;;;;;;;;;;;;;;
São Conrado;;;296.766;;5.963;312.532;;18.475;3955.888;;;;;;;;6.468;;106.499;;;67.057;;73.274;265.905;;;;;214.456;;;;;;1455.53;;;;;405.907;;7.904;;;;;;;10.58;;719.911;47.188;;;;33.955;;;;19.355;7173.835;;;95.698;;;2362.451;;808.462;;1994.593;;;;786.874;;;51.447;;468.973;;648.428;2573.234;;;;;;121.008;341.865;;;9.377;;245.42;;;;;;;;;;;;19.9;25.299;;;;;30.577;197.054;;;;340.272;;;;;;;;;247.456;5.385;;;;;;;2064.44;35.387;;272.621;;;61.817;;;;59.723;;;;;;51.978;;;;;;;;;;
São Cristóvão;746.899;;164.794;924.845;65.6;;;469.44;680.852;;195.536;273.397;260.525;848.789;;25.46;579.141;;5570.262;;69.479;268.18;;698.872;472.897;;;;358.081;259.409;;178.104;536.028;115.603;914.55;1741.886;462.347;;;540.698;11.758;890.354;9.916;79.682;;576.689;1051.036;21.57;68.385;67.995;436.102;;137.935;207.432;;;23.699;1516.83;;15.754;;364.98;;86.361;227.321;81.331;;1272.141;2272.688;;;121.375;1057.903;;;43.492;;;206.856;;877.796;;300.704;610.46;46.46;;1003.216;;832.665;2199.327;1890.41;2193.279;505.324;1660.477;;;809.252;105.484;;;81.704;268.256;;616.54;;;937.577;964.057;562.591;;;262.443;;;414.696;228.262;168.202;360.557;201.797;;;;294.803;210.383;210.088;;26.071;11.071;732.704;92.438;;90.925;;;;59.46;8636.63;;;;867.177;1175.039;701.492;;60.41;93.089;;79.384;;;231.113;;750.865;2704.818;;219.266;33.224;122.486;;;;
São Francisco Xavier;;;;;;;;;;;;;;;;;;;;;;;;;;;;;;;;;;;;;;;;;;;;;;;;;;;;;;;;;;;;;;;;;;;;;;;;;;;;;;;;;;;;;;;;;;;;;;;;;;;;;;;;;;;;;;;;;;;;;;;;;;;;;;;;;;;;;;;;;;;;;;;;;;;;;;;;;;;;;;;;;;
Tanque;;;31.571;508.461;;147.696;;;3427.471;;;;266.925;229.315;;;;;116.101;;;605.969;;1520.112;;;;;;;1517.746;;;;;179.593;;;;;;559.284;12.1;;;108.868;;455.954;160.252;282.768;;5347.684;;158.96;;;;;;;;;;;;;;;280.827;57.074;;5321.602;;;;;;;;;;;;;;;1993.357;;74.324;;640.336;207.243;;;;385.561;;;;;30.382;;;61.098;673.617;88.445;240.076;664.635;684.279;;;;;2561.778;;314.02;;122.96;411.279;;;104.33;;61.028;;;;;;;;89.813;;;;142.423;;;6264.513;;;;;;;;235.052;59.578;;;;;;;;;37.166;714.68;;;;
Taquara;;;;;;;;;;;;;;;;;;;;;;;;;;;;;;;;;;;;;;;;;;;;;;;;;;;;;;;;;;;;;;;;;;;;;;;;;;;;;;;;;;;;;;;;;;;;;;;;;;;;;;;;;;;;;;;;;;;;;;;;;;;;;;;;;;;;;;;;;;;;;;;;;;;;;;;;;;;;;;;;;;
Tauá;;;;;94.014;;;;1968.281;;;;;;;;;;345.389;;;;;79.228;;;;;;1246.822;;6733.953;;;238.58;387.165;139.506;;;;;379.466;;;;66.619;206.088;133.875;;;7134.886;;3827.156;;;;;;;;;;;;;;;1590.372;1414.482;;;184.03;;;;;;3710.583;;;;;34.356;;;;59.344;;;;818.565;;;1114.11;;;;;;;680.222;;;;;;218.282;;;;;8555.448;;;;;337.56;;1226.694;;;;;;;;;;;;;;;;;;1273.881;;;;14517.051;901.108;;;;100.797;;;;;;;258.552;;;;;;;;;
Tijuca;;;966.843;;2445.817;;;1360.215;3944.61;;;125.525;;4857.509;;169.719;276.338;;1442.415;;99.004;1939.851;100.394;599.619;2665.508;;;;666.695;1420.872;332.106;289.958;;;294.373;4337.703;;;873.269;;;226.629;788.608;43.799;;1755.111;236.234;932.807;359.399;2236.458;;2491.803;82.704;751.402;;;2189.163;6971.164;;;;2383.889;;76.572;819.886;;;4561.934;759.873;29.117;;1019.695;550.963;;;340.981;;357.538;;;879.413;;2921.509;2565.358;;;55.557;298.699;222.156;165.758;13692.98;104.733;601.238;950.066;;1941.205;432.045;139.382;208.561;;;122.924;;379.085;305;;1085.392;561.293;1424.864;;;161.146;;;921.863;;1868.413;618.303;597.642;170.158;;70.069;615.491;370.388;140.974;;31.149;160.015;3639.291;480.972;81.527;106.527;;;;5.534;1005.396;;;;336.114;15626.415;55.407;;31.228;619.798;196.524;28.946;;;31.304;;330.804;8594.326;;179.596;;169.786;;;;
Todos os Santos;78.881;;19.996;;;;;160.849;111.457;;409.429;52.622;512.114;20.897;;;580.924;;;;;417.378;;470.892;590.574;;;;;;;55.244;154.986;;113.75;397.784;180.167;;;508.256;;1721.775;51.124;321.472;83.371;1390.171;2743.472;1422.243;124.713;;;97.529;;532.769;;;;275.305;;63.792;;440.998;;102.769;;47.862;;496.906;770.955;;;336.445;1514.247;;67.272;;;;;;;;;210.996;;;936.794;193.603;;95.007;238.284;332.399;2483.641;232.131;;1417.174;;;;;172.937;;;67.56;;72.389;323.902;411.359;1417.44;;;;;226.435;89.365;1493.788;;260.016;;79.945;;;;98.373;;;53.247;;;;;;;;;;531.457;;;;;104.801;181.01;;61.865;9.052;;;;;171.693;;;1426.821;;394.034;;274.788;;;;
Tomás Coelho;;;;;;;;;;;;;;;;;;;;;;;;;;;;;;;;;;;;;;;;;;;;;;;;;;;;;;;;;;;;;;;;;;;;;;;;;;;;;;;;;;;;;;;;;;;;;;;;;;;;;;;;;;;;;;;;;;;;;;;;;;;;;;;;;;;;;;;;;;;;;;;;;;;;;;;;;;;;;;;;;;
Turiaçu;;;;;46.228;;;236.664;110.946;;119.669;;66.934;113.201;;;;;;;65.362;;;201.874;46.302;;;;;;;;235.205;82.614;;121.773;;;;;;411.256;;;;;51.497;;;;;;;43.13;;;;;;189.395;;;;;;;;;729.735;;;151.952;129.086;;;;;;;;;;;;;;748.928;239.602;;;334.25;479.202;;76.986;;;;675.639;;;;;;;;;;143.278;65.078;;;;;;;145.228;;;;;;;;;422.053;;;;36.656;;;137.887;;;;;129.613;;;;;41.546;150.377;;257.679;;89.357;;;;55.295;;;124.534;;;;;;;;
Urca;;;118.402;;;;;;307.474;;;;;8.036;;;;;228.682;;;189.877;;;219.718;;;;13.88;399.435;;;;;;1244.899;610.719;;;1382.769;6.429;301.077;14.636;;;75.284;;;16.27;205.706;;;;19.226;;;18.858;;;;;595.595;;;32.628;;;262.914;92.095;;;10.787;78.319;;;40.161;;;;;83.431;;1072.523;83.504;520.44;;;;92.76;72.262;2991.183;;85.598;4.42;;213.324;14.506;;;;;;;57.313;;;8.111;3.665;;;;;;;;61.939;195.132;165.593;;;;;;45.476;;;27.978;;911.084;20.234;17.4;9.003;;;;71.155;219.076;;;;100.797;968.35;6.47;;;1259.884;;;;;;;;114.966;;;;;;;;
Vargem Grande;;;;;;;;477.418;5465.089;;;;;;;;;;;101.765;;56.294;;42.861;;;;;;;;;;;;48.242;;;;;617.516;;;;;;153.794;;;;27.4;302.952;60.937;;;;;;;;74.736;;;;42.721;;;;65.824;;;602.865;;;;;;;;;;;;;;;84.192;;;;89.799;;;;;;;;;;;;;;;;;;;;;;;;;;;;4766.433;;;;;;;;;;;;;;;;;;;;311.489;;;130.343;;;68.106;;1509.583;1467.484;;;;;;;;;;358.461;;;;
Vargem Pequena;;;;;;;;;2348.78;;;;;;;;;;;401.397;;129.427;;;;;;;;;53.39;;;;;60.959;;;;;529.654;;;;;;;;26.361;;;699.223;;;;;;;288.028;;77.522;282.61;;;21.626;;;164.82;189.705;;;2472.255;54.381;;;;;;;;;;;103.373;;;125.024;;;;412.351;;;;;;;;;;;;;;;;103.964;372.446;257.293;;;;;57.195;;;;;808.012;;;;;;;;;;97.689;;;;;;;;99.694;;99.694;;;279.047;;;;;1439.598;1771.148;;;;;117.6;;;;;320.103;;;;
Vasco da Gama;;;;;;;;;;;;;;;;;;;;;;;;;;;;;;;;;;;;;;;;;;;;;;;;;;;;;;;;;;;;;;;;;;;;;;;;;;;;;;;;;;;;;;;;;;;;;;;;;;;;;;;;;;;;;;;;;;;;;;;;;;;;;;;;;;;;;;;;;;;;;;;;;;;;;;;;;;;;;;;;;;
Vaz Lobo;;;;;;;;;;;;;;;;;;;;;;;;;;;;;;;;;;;;;;;;;;;;;;;;;;;;;;;;;;;;;;;;;;;;;;;;;;;;;;;;;;;;;;;;;;;;;;;;;;;;;;;;;;;;;;;;;;;;;;;;;;;;;;;;;;;;;;;;;;;;;;;;;;;;;;;;;;;;;;;;;;
Vicente de Carvalho;;;;;;;;;174.113;;;;;;;;;;92.852;;;;88.798;663.792;;;;;25.408;48.671;;;;;188.324;48.925;;;;;;300.297;20.882;;;;339.446;1457.498;;;;20.679;536.437;;;;;124.066;;;;55.979;;41.877;;;;;67.333;;;19.895;43.828;;;;;;;;;;49.918;;;;747.895;;46.426;;182.235;80.181;;107.019;;276.051;;;;;129.789;;;65.013;;;;148.816;46.426;;;;;;;338.068;;;;;;;;;;;;;;;;;;;;;179.194;;;;;179.893;154.963;;21.952;;;;;;59.267;;;145.204;;67.507;;;;;;
Vidigal;;;;;;242.719;;;305.742;;;;;;;;;;583.592;;;;;;;;;;;;;;;;;686.549;;;;;;;;;;;;;;444.932;;;;;;;;;;;239.928;943.867;;;;;;967.309;;;;;;;;;;;;;78.435;;223.632;1162.578;55.091;;;;;;;;;;;;;;;;;;;;;;;;;;;;;;;;;;;;;;;;;;;;;;;;;;;54.465;;;;;;328.162;;;;;;;;;;61.93;;;;;;;;;;
Vigário Geral;;;5.631;;97.373;;;236.664;57.901;;;;;;;4805.037;;;77.274;;;;;;;;;;;;;;;;;44.138;743.213;;;;;;;;;;;;73.609;77.388;;;;;;;;;;;;;;;;;;;3311.81;;;;;;1602.18;;;75.296;;;;;169.043;;;;929.134;;;;130.45;186.03;307.8;121.465;;;;105.571;139.371;;124.736;;;645.498;;;2188.263;3780.349;;;;;;;;93.604;;;;;;165.524;;53.384;;;;612.472;129.626;;;51.776;;;;;516.994;;;;149.794;140.968;;;;;;;;;;;1308.378;129.626;;;;151.568;;;;
Vila Isabel;;;55.441;;2201.595;;;338.886;2664.146;;;53.04;;315.652;;;483.701;;1041.214;;30.783;;;44.601;135.646;;;;1242.602;16.502;;;;;717.238;759.48;627.284;;;;412.56;710.712;28.735;;;3396.721;377.012;596.743;220.031;;703.949;144.923;1360.891;1189.477;;;45.866;5164.369;;97.12;;60.639;;26.631;;;;536.891;994.509;;;583.064;1366.354;;;357.159;;;;;;;770.773;140.088;24.396;;531.527;119.525;313.663;288.959;5644.109;;174.758;2304.511;;2246.447;279.366;66.919;;;241.411;;;153.632;;;766.845;767.36;294.513;;;;;290.504;1726.07;156.315;106.35;;309.593;278.712;;;;452.38;138.185;;;;559.793;40.177;;867.936;;;;;2345.905;;;;;5947.935;2141.812;;93.564;78.812;;;;;130.399;;101.079;4842.689;;164.862;;84.288;;;;
Vila Kennedy;;;;;;;;;;;;;;;;;;;;;;;;;;;;;;;;;;;;;;;;;;;;;;;;;;;;;;;;;;;;;;;;;;;;;;;;;;;;;;;;;;;;;;;;;;;;;;;;;;;;;;;;;;;;;;;;;;;;;;;;;;;;;;;;;;;;;;;;;;;;;;;;;;;;;;;;;;;;;;;;;;
Vila Kosmos;187.943;;47.926;854.383;;;;602.013;32.992;;;;;241.255;;;139.823;;368.12;;;;;449.799;62.643;;;;;;;;97.012;;134.932;;;;;;;305.472;57.68;;;269.17;253.106;410.924;;;;;56.203;;;;;;;;;;;;;359.911;;126.853;2005.407;;;;219.849;;;;;;;;;;;;;;745.192;;;;;;53.493;552.176;;1097.962;;134.634;;;;;;;;;;590.949;268.214;;;;;35.098;;298.658;;;;;;;;;;;;;204.904;;;93.788;;;;;219.214;;;;;182.467;471.101;;;;;;;;77.963;;;139.823;;693.268;;;;;;
Vila Militar;;;;55.903;12.682;;;90.872;;;;;180.771;;;;;;15.944;14.394;;158.303;45.05;;;;;;;;;;18.83;;;;;;;;;;113.596;;;;;;;;;;;;;;;;;;;;;76.688;;;;;15.527;;;;;;;;;13.477;122.776;;;;22.464;;;;;;;18.83;17.443;33.696;;;;27.729;;;;;;256.3;;61.765;;;;1544.081;50.63;;;;;29.706;37.431;;;262.106;;;;;27.382;;;;;32.849;18.523;;;;38.804;;;;16.982;;10.737;;;;;;;;;;;;;;;;;;123.923;109.274;;;;
Vila Valqueire;84.257;;;241.355;;134.215;;5127.507;2862.787;;;;2952.622;120.086;;;;;;;1494.775;;1680.37;959.345;99.907;;;;141.251;575.225;;;;;;99.02;;;;;1252.131;906.42;4.603;;;;381.439;;100.156;;;337.986;;;;;97.741;;;170.974;;1502.904;;;;;;136.471;1253.414;50.271;;757.014;390.72;;;;;;1253.928;;;;;2040.441;;;5809.016;;;;1522.655;1648.231;627.82;311.968;;1048.32;321.278;2152.24;;;277.847;;;134.332;;;154.586;1285.345;632.357;;;;;2838.274;;637.61;;807.466;;;;;;;930.122;;;189.972;;;;;;;;;343.754;;1209.97;;;550.455;177.36;;;;236.445;164.802;;;;;200.142;168.324;;;186.733;11552.692;;;;
Vila da Penha;;;;;;;;;;;;;;;;;;;;;;;;;;;;;;;;;;;;;;;;;;;;;;;;;;;;;;;;;;;;;;;;;;;;;;;;;;;;;;;;;;;;;;;;;;;;;;;;;;;;;;;;;;;;;;;;;;;;;;;;;;;;;;;;;;;;;;;;;;;;;;;;;;;;;;;;;;;;;;;;;;
Vista Alegre;;;;;;;;;;;;;;;;;;;;;;;;;;;;;;;;;;;;;;;;;;;;;;;;;;;;;;;;;;;;;;;;;;;;;;;;;;;;;;;;;;;;;;;;;;;;;;;;;;;;;;;;;;;;;;;;;;;;;;;;;;;;;;;;;;;;;;;;;;;;;;;;;;;;;;;;;;;;;;;;;;
Zumbi;;;;;;;;;;;;;;;;;;;;;;;;;;;;;;;;;;;;;;;;;;;;;;;;;;;;;;;;;;;;;;;;;;;;;;;;;;;;;;;;;;;;;;;;;;;;;;;;;;;;;;;;;;;;;;;;;;;;;;;;;;;;;;;;;;;;;;;;;;;;;;;;;;;;;;;;;;;;;;;;;;
Água Santa;;;;;;;;;;;;;;;;;;;;;;;;;;;;;;;;;;;;;;;;;;;;;;;;;;;;;;;;;;;;;;;;;;;;;;;;;;;;;;;;;;;;;;;;;;;;;;;;;;;;;;;;;;;;;;;;;;;;;;;;;;;;;;;;;;;;;;;;;;;;;;;;;;;;;;;;;;;;;;;;;;
